stat,n,corr
trb_percent,7088,0.9400087191448873
x3p_ar,7085,0.9345889353540939
ast_percent,7088,0.9107029514602918
blk_percent,7088,0.8987116871896053
usg_percent,7088,0.8610644186598005
per,7088,0.7774730725097063
vorp,7088,0.7708799611706536
stl_percent,7088,0.750634784426992
ft_percent,7055,0.7000450624804353
bpm,7088,0.688623830256688
tov_percent,7086,0.6858798343811735
ws_48,7088,0.6127249835992251
ts_percent,7085,0.5826718046419329
mp,7088,0.5258533045643488
x3p_percent,6445,0.5026455892061961
g,7088,0.16308125011675562
