feature,corr,abs_corr
per,0.7774730725097062,0.7774730725097062
per_lag1,0.6611435462543621,0.6611435462543621
obpm,0.6609106563484585,0.6609106563484585
vorp,0.643619129270374,0.643619129270374
bpm,0.6410498187067303,0.6410498187067303
ws,0.6179756301452002,0.6179756301452002
per_lag2,0.6117486821428644,0.6117486821428644
career_per,0.5976738061405384,0.5976738061405384
ows,0.5959433158057076,0.5959433158057076
ws_48,0.5843900182498625,0.5843900182498625
vorp_lag1,0.5760067812020749,0.5760067812020749
usg_percent,0.5696769121835576,0.5696769121835576
per_roll3,0.5411160145806401,0.5411160145806401
vorp_lag2,0.5237834883473128,0.5237834883473128
usg_percent_lag1,0.5204773624814562,0.5204773624814562
career_best_per,0.5187883230823123,0.5187883230823123
vorp_roll3,0.5130969291891516,0.5130969291891516
usg_percent_lag2,0.4824275957029139,0.4824275957029139
bpm_lag2,0.47558472964634824,0.47558472964634824
bpm_lag1,0.46854762549328854,0.46854762549328854
ws_48_lag1,0.4641581503655499,0.4641581503655499
mp_per_g,0.4584945756067001,0.4584945756067001
career_usg_percent,0.4553327501738371,0.4553327501738371
ws_48_lag2,0.4362552199292278,0.4362552199292278
usg_percent_roll3,0.42581800384854335,0.42581800384854335
dws,0.4107483123633492,0.4107483123633492
career_bpm,0.39081962361420114,0.39081962361420114
ws_48_roll3,0.38949221823559066,0.38949221823559066
bpm_roll3,0.37875277303668176,0.37875277303668176
mp,0.3779722874559126,0.3779722874559126
starter_share,0.3600922887730703,0.3600922887730703
gs,0.3444927925724962,0.3444927925724962
f_tr,0.3417321556775948,0.3417321556775948
dev_usg_percent,0.33167017304255336,0.33167017304255336
o_rtg,0.3313862915462477,0.3313862915462477
ts_percent,0.33087271058302564,0.33087271058302564
drb_percent,0.33043727025809444,0.33043727025809444
career_mp,0.32975990875486344,0.32975990875486344
dev_per,0.3104427875653594,0.3104427875653594
mp_lag1,0.30696510351150275,0.30696510351150275
trb_percent,0.30272651888041663,0.30272651888041663
ast_percent,0.2954639946025512,0.2954639946025512
career_ts_percent,0.2807272479999673,0.2807272479999673
ts_percent_lag1,0.2713006779283586,0.2713006779283586
mp_lag2,0.26887644689927376,0.26887644689927376
age_x_mp,0.26869900242613876,0.26869900242613876
mp_roll3,0.26733455272405676,0.26733455272405676
ts_percent_lag2,0.2602599209325594,0.2602599209325594
percent_fga_from_x3p_range,-0.25449556579269894,0.25449556579269894
avg_dist_fga,-0.2457289585037483,0.2457289585037483
ts_percent_roll3,0.24010121116437166,0.24010121116437166
dev_bpm,0.2183670666579047,0.2183670666579047
blk_percent,0.21490522153308642,0.21490522153308642
below_career_best,-0.20586662506599143,0.20586662506599143
orb_percent,0.20124498888485925,0.20124498888485925
per_slope2,0.1804864468153478,0.1804864468153478
wt,0.17844966232246917,0.17844966232246917
percent_assisted_x2p_fg,-0.17334225312843718,0.17334225312843718
c_percent,0.1698006408790154,0.1698006408790154
d_rtg,-0.16968991737377354,0.16968991737377354
improving_2yr,0.15912780841462848,0.15912780841462848
dbpm,0.15146913864096875,0.15146913864096875
sf_percent,-0.14899676620793817,0.14899676620793817
years_past_peak,-0.14168568861152445,0.14168568861152445
usg_percent_delta1,0.14010970073498147,0.14010970073498147
decline_pressure,-0.13553789390399867,0.13553789390399867
ht_in_in,0.13482656327129855,0.13482656327129855
team_o_rtg,0.13053916470899504,0.13053916470899504
sg_percent,-0.12314052703577454,0.12314052703577454
usg_percent_delta2,0.12273975563132666,0.12273975563132666
team_w,0.12013705824358337,0.12013705824358337
vorp_delta1,0.11828309909679419,0.11828309909679419
per_delta1,0.10843942084496178,0.10843942084496178
vorp_delta2,0.1010297705844266,0.1010297705844266
g_roll3,0.09859862856495051,0.09859862856495051
per_delta2,0.09822170211375607,0.09822170211375607
g_lag1,0.09445673829574225,0.09445673829574225
is_past_peak,-0.09173030495670717,0.09173030495670717
stl_percent,0.0886941175352636,0.0886941175352636
g_lag2,0.0832099568643418,0.0832099568643418
declining_2yr,-0.08150187131767851,0.08150187131767851
g_delta1,-0.07933504851457236,0.07933504851457236
bpm_delta2,0.07335269504293351,0.07335269504293351
dev_ts_percent,0.07024892992320805,0.07024892992320805
bpm_delta1,0.06786722733180366,0.06786722733180366
years_to_peak,0.06159112396683913,0.06159112396683913
ws_48_delta2,0.059562100615229874,0.059562100615229874
ws_48_delta1,0.05629607552445046,0.05629607552445046
tov_percent,-0.05052022198541123,0.05052022198541123
team_pace,0.04503948714591567,0.04503948714591567
pf_percent,0.033078564952244795,0.033078564952244795
mp_trend,0.03249256042023632,0.03249256042023632
pg_percent,0.029846183193012306,0.029846183193012306
seasons_observed,0.027148226395810448,0.027148226395810448
mp_delta1,-0.025006766038543106,0.025006766038543106
team_age,0.020878262537927007,0.020878262537927007
ts_percent_delta2,0.018429216993966508,0.018429216993966508
exp_sq,-0.016975119191134168,0.016975119191134168
ts_percent_delta1,0.015463351713105913,0.015463351713105913
mp_delta2,0.013496841714809417,0.013496841714809417
g,0.011844581193286607,0.011844581193286607
usg_shift,0.011123736719924057,0.011123736719924057
dev_mp,-0.009365613830762278,0.009365613830762278
g_delta2,-0.007421445246827236,0.007421445246827236
team_d_rtg,-0.00444929652974959,0.00444929652974959
experience,-0.003550785610282846,0.003550785610282846
