player,team,age,mp,per,pred_2027,delta
Nikola Jokić,DEN,30.0,2265.0,32.3,31.300479820519403,-0.9995201794805944
Shai Gilgeous-Alexander,OKC,27.0,2259.0,30.8,29.637648518172043,-1.162351481827958
Giannis Antetokounmpo,MIL,31.0,1039.0,32.6,29.50770753232178,-3.09229246767822
Victor Wembanyama,SAS,22.0,1866.0,29.9,28.536253151064308,-1.3637468489356905
Luka Dončić,LAL,26.0,2289.0,27.9,27.42044474127636,-0.47955525872363935
Jalen Duren,DET,22.0,1976.0,26.1,24.710633214257378,-1.3893667857426237
Joel Embiid,PHI,31.0,1201.0,24.7,23.43432158636987,-1.2656784136301304
Kawhi Leonard,LAC,34.0,2085.0,27.9,22.7320713708516,-5.167928629148399
Zion Williamson,NOP,25.0,1841.0,22.6,22.714502869285717,0.11450286928571529
Alperen Şengün,HOU,23.0,2398.0,21.4,22.186053878590304,0.7860538785903053
Cade Cunningham,DET,24.0,2172.0,21.6,21.877084284331062,0.27708428433106036
Chet Holmgren,OKC,23.0,1997.0,21.6,21.739183083678515,0.13918308367851395
Anthony Edwards,MIN,24.0,2137.0,21.8,21.633327091023855,-0.16667290897614606
Donovan Mitchell,CLE,29.0,2342.0,22.9,21.488589635329802,-1.4114103646701963
Karl-Anthony Towns,NYK,30.0,2322.0,22.0,21.234680939912955,-0.7653190600870445
Donovan Clingan,POR,21.0,2094.0,20.9,21.203707608676336,0.30370760867633706
Mark Williams,PHO,24.0,1416.0,21.8,21.170420889074055,-0.6295791109259454
Jarrett Allen,CLE,27.0,1519.0,22.1,21.057928366752343,-1.0420716332476587
Evan Mobley,CLE,24.0,2074.0,20.0,20.973691637392918,0.9736916373929176
Tyrese Maxey,PHI,25.0,2661.0,21.9,20.660732281092372,-1.2392677189076267
Amen Thompson,HOU,23.0,2953.0,18.9,20.332455812192634,1.4324558121926358
Jimmy Butler,GSW,36.0,1182.0,23.5,20.21907185175243,-3.2809281482475683
Jalen Johnson,ATL,24.0,2532.0,20.4,20.094553936937025,-0.3054460630629734
Stephen Curry,GSW,37.0,1329.0,22.6,19.984974859766453,-2.6150251402335485
Jalen Brunson,NYK,29.0,2590.0,20.1,19.97964731414473,-0.12035268585526993
Jamal Murray,DEN,28.0,2652.0,21.8,19.925739190347905,-1.874260809652096
LeBron James,LAL,41.0,1989.0,20.8,19.903406045803614,-0.896593954196387
Paolo Banchero,ORL,23.0,2502.0,17.6,19.83147035739222,2.2314703573922188
Kel'el Ware,MIA,21.0,1704.0,20.0,19.81005757602114,-0.1899424239788594
Jaylen Brown,BOS,29.0,2443.0,22.0,19.766434353966325,-2.233565646033675
Scottie Barnes,TOR,24.0,2681.0,19.2,19.67061625833582,0.47061625833582
LaMelo Ball,CHO,24.0,2017.0,19.7,19.661700236022387,-0.038299763977612145
Devin Booker,PHO,29.0,2146.0,20.4,19.379014296753304,-1.0209857032466942
Cooper Flagg,DAL,19.0,2344.0,17.9,19.347807043616672,1.447807043616674
Deni Avdija,POR,25.0,2199.0,20.3,19.262019480025973,-1.0379805199740275
Austin Reaves,LAL,27.0,1762.0,20.2,19.25626162310572,-0.9437383768942809
Day'Ron Sharpe,BRK,24.0,1160.0,20.5,19.205072539046604,-1.2949274609533958
Robert Williams,POR,28.0,1008.0,22.1,19.168251355469742,-2.931748644530259
Kevin Durant,HOU,37.0,2840.0,21.1,19.152854241782862,-1.9471457582171396
Daniel Gafford,DAL,27.0,1195.0,18.8,19.13476579111521,0.33476579111520977
Alex Sarr,WAS,20.0,1305.0,19.4,19.12027687743206,-0.27972312256793685
Franz Wagner,ORL,24.0,1019.0,19.2,19.089126949846733,-0.1108730501532662
Josh Giddey,CHI,23.0,1731.0,18.0,18.980052443267454,0.9800524432674536
James Harden,2TM,36.0,2438.0,20.7,18.917833428132784,-1.782166571867215
Mitchell Robinson,NYK,27.0,1175.0,21.1,18.780777476017764,-2.319222523982237
Isaiah Hartenstein,OKC,27.0,1137.0,19.8,18.76644205242208,-1.033557947577922
Stephon Castle,SAS,21.0,2038.0,17.4,18.60153404723303,1.2015340472330323
Lauri Markkanen,UTA,28.0,1443.0,21.1,18.53566265917308,-2.5643373408269206
Bam Adebayo,MIA,28.0,2365.0,18.7,18.525571103709375,-0.17442889629062464
Ivica Zubac,2TM,28.0,1446.0,18.6,18.48158591894307,-0.11841408105693318
Neemias Queta,BOS,26.0,1926.0,20.3,18.43745705542268,-1.8625429445773207
Marvin Bagley III,2TM,26.0,1201.0,20.2,18.185535948413044,-2.0144640515869554
Kon Knueppel,CHO,20.0,2551.0,17.1,17.99359666342233,0.8935966634223291
Deandre Ayton,LAL,27.0,1958.0,18.2,17.934932264755076,-0.2650677352449229
De'Aaron Fox,SAS,28.0,2231.0,17.6,17.869109992828058,0.2691099928280565
Luka Garza,BOS,27.0,1118.0,19.9,17.845910321781695,-2.054089678218304
Dylan Harper,SAS,19.0,1558.0,16.2,17.75716846261421,1.5571684626142108
Kevin Porter Jr.,MIL,25.0,1261.0,18.7,17.704221935569535,-0.9957780644304641
Pascal Siakam,IND,31.0,2057.0,18.6,17.582330744136428,-1.0176692558635736
Julius Randle,MIN,31.0,2610.0,18.4,17.371853342475077,-1.0281466575249212
Derik Queen,NOP,21.0,2023.0,15.9,17.33288029381368,1.43288029381368
Trey Murphy III,NOP,25.0,2341.0,18.3,17.230353466882526,-1.0696465331174743
Keyonte George,UTA,22.0,1786.0,18.5,17.224329692015115,-1.2756703079848855
Tyler Herro,MIA,26.0,1033.0,17.1,17.22376599207243,0.12376599207242833
Michael Porter Jr.,BRK,27.0,1689.0,19.9,17.188479168451224,-2.711520831548775
Desmond Bane,ORL,27.0,2756.0,16.9,17.168452891160083,0.2684528911600843
Darius Garland,2TM,26.0,1344.0,17.1,17.12264269383844,0.022642693838438532
Collin Murray-Boyles,TOR,20.0,1246.0,16.4,16.994358772492532,0.5943587724925337
Tre Jones,CHI,26.0,1752.0,18.7,16.96251422659952,-1.7374857734004792
Ausar Thompson,DET,23.0,1896.0,16.2,16.929270251018526,0.7292702510185265
Jaren Jackson Jr.,2TM,26.0,1454.0,15.7,16.899250737139866,1.1992507371398666
Jakob Poeltl,TOR,30.0,1149.0,18.1,16.895618134463454,-1.204381865536547
RJ Barrett,TOR,25.0,1726.0,17.0,16.882672087562927,-0.11732791243707297
Rudy Gobert,MIN,33.0,2380.0,17.5,16.87851344033079,-0.6214865596692114
Nic Claxton,BRK,26.0,1920.0,17.6,16.808313904465855,-0.7916860955341463
Onyeka Okongwu,ATL,25.0,2297.0,15.9,16.747583284582024,0.8475832845820239
Aaron Gordon,DEN,30.0,1005.0,18.5,16.721674912328368,-1.7783250876716323
Jalen Smith,CHI,25.0,1095.0,16.6,16.678499783873924,0.07849978387392298
Kyle Filipowski,UTA,22.0,1801.0,16.0,16.673465624984658,0.673465624984658
Moussa Diabaté,CHO,24.0,1899.0,17.2,16.638857862522652,-0.5611421374773471
Jaxson Hayes,LAL,25.0,1207.0,18.3,16.601493378965454,-1.6985066210345465
Dyson Daniels,ATL,22.0,2520.0,15.5,16.53671700779973,1.03671700779973
Immanuel Quickley,TOR,26.0,2231.0,16.6,16.536105071117117,-0.06389492888288473
Brandon Miller,CHO,23.0,1968.0,16.8,16.53568344883465,-0.2643165511653507
Jeremiah Fears,NOP,19.0,2112.0,13.8,16.5104945910025,2.710494591002501
Sandro Mamukelashvili,TOR,26.0,1751.0,18.1,16.49413501436738,-1.6058649856326213
VJ Edgecombe,PHI,20.0,2623.0,14.0,16.416472318941285,2.4164723189412847
Ryan Rollins,MIL,23.0,2376.0,16.2,16.402531099679187,0.20253109967918803
Collin Sexton,2TM,27.0,1614.0,17.4,16.386992301681886,-1.0130076983181127
Luke Kornet,SAS,30.0,1430.0,17.9,16.352842469858405,-1.5471575301415932
Keldon Johnson,SAS,26.0,1911.0,17.3,16.313893540416704,-0.9861064595832971
Payton Pritchard,BOS,28.0,2556.0,17.1,16.265934798586933,-0.8340652014130683
Maxime Raynaud,SAC,22.0,1964.0,16.0,16.254352965861223,0.2543529658612229
Shaedon Sharpe,POR,22.0,1471.0,15.3,16.23896267101173,0.9389626710117298
Miles Bridges,CHO,27.0,2387.0,16.0,16.199885513555287,0.19988551355528728
John Collins,LAC,28.0,1872.0,16.3,16.133999462385013,-0.16600053761498756
Ryan Kalkbrenner,CHO,24.0,1479.0,17.9,16.127936306200578,-1.7720636937994207
Brandon Williams,DAL,26.0,1463.0,16.8,16.127519526431698,-0.672480473568303
Ajay Mitchell,OKC,23.0,1473.0,16.8,16.126243593962286,-0.6737564060377146
Jaime Jaquez Jr.,MIA,24.0,2121.0,15.7,16.12263227932774,0.4226322793277397
Nikola Vučević,2TM,35.0,1818.0,17.7,16.080547898400972,-1.6194521015990269
Brandin Podziemski,GSW,22.0,2333.0,15.0,16.0797742128117,1.0797742128116994
Coby White,2TM,25.0,1249.0,16.1,16.06558211942344,-0.034417880576562254
Andre Drummond,PHI,32.0,1231.0,16.4,16.032643817789456,-0.36735618221054267
Cedric Coward,MEM,22.0,1598.0,15.3,15.953417728466825,0.6534177284668239
Jalen Suggs,ORL,24.0,1574.0,15.6,15.92318819527334,0.32318819527334064
Justin Champagnie,WAS,24.0,1377.0,17.3,15.897268967443212,-1.4027310325567885
Naz Reid,MIN,26.0,2007.0,15.4,15.881934571147662,0.4819345711476615
Brandon Ingram,TOR,28.0,2604.0,16.3,15.842961607677651,-0.45703839232234955
Santi Aldama,MEM,25.0,1198.0,16.3,15.78245778840605,-0.5175422115939501
Jusuf Nurkić,UTA,31.0,1083.0,16.4,15.746245427354488,-0.6537545726455107
Reed Sheppard,HOU,21.0,2147.0,15.7,15.737580889409426,0.03758088940942628
Yves Missi,NOP,21.0,1297.0,15.0,15.720491951793594,0.7204919517935942
Bobby Portis,MIL,30.0,1619.0,17.1,15.70492883661639,-1.3950711633836121
Isaiah Collier,UTA,21.0,1517.0,14.8,15.704566688147237,0.9045666881472361
Norman Powell,MIA,32.0,1717.0,17.5,15.690184607700926,-1.8098153922990736
Cam Spencer,MEM,25.0,1714.0,17.2,15.5727869941639,-1.627213005836099
Isaiah Stewart,DET,24.0,1317.0,15.2,15.557390056100159,0.3573900561001597
DeMar DeRozan,SAC,36.0,2406.0,17.8,15.536236606179362,-2.263763393820639
Bennedict Mathurin,2TM,23.0,1620.0,14.7,15.51374059352935,0.8137405935293511
Matas Buzelis,CHI,21.0,2248.0,14.8,15.4907971445597,0.6907971445596992
Gary Payton II,GSW,33.0,1142.0,18.3,15.428692467349984,-2.8713075326500164
Derrick White,BOS,31.0,2625.0,16.0,15.412745253428337,-0.5872547465716629
GG Jackson II,MEM,21.0,1178.0,15.6,15.30245754166175,-0.2975424583382491
Paul George,PHI,35.0,1135.0,16.7,15.20377919186048,-1.496220808139519
Saddiq Bey,NOP,26.0,2246.0,17.1,15.201378150250225,-1.8986218497497767
Precious Achiuwa,SAC,26.0,1745.0,16.2,15.066000420204102,-1.1339995797958977
Brice Sensabaugh,UTA,22.0,1762.0,14.4,14.93928722544917,0.5392872254491703
Tari Eason,HOU,24.0,1549.0,12.9,14.93247031832212,2.032470318322119
Jabari Smith Jr.,HOU,22.0,2705.0,13.5,14.931266518609098,1.4312665186090978
Jock Landale,2TM,30.0,1506.0,16.6,14.912813842080991,-1.68718615791901
Jay Huff,IND,27.0,1719.0,15.2,14.88631530132927,-0.3136846986707287
OG Anunoby,NYK,28.0,2224.0,15.8,14.87821802559641,-0.92178197440359
Bones Hyland,MIN,25.0,1177.0,15.1,14.860595587157698,-0.23940441284230118
Jaylin Williams,OKC,23.0,1277.0,13.8,14.78118662239379,0.9811866223937891
Josh Hart,NYK,30.0,1994.0,15.7,14.74542631546249,-0.9545736845375092
Nickeil Alexander-Walker,ATL,27.0,2603.0,16.5,14.696507202755598,-1.8034927972444024
Collin Gillespie,PHO,26.0,2282.0,15.3,14.694461480074374,-0.6055385199256271
Jaylon Tyson,CLE,23.0,1777.0,14.8,14.668777744296595,-0.13122225570340618
Jordan Miller,LAC,26.0,1325.0,15.9,14.666752691061683,-1.2332473089383171
Ayo Dosunmu,2TM,26.0,1881.0,16.5,14.662177524475146,-1.8378224755248542
Peyton Watson,DEN,23.0,1598.0,14.3,14.624340991072186,0.3243409910721855
Anthony Black,ORL,22.0,1910.0,13.7,14.589826262071448,0.8898262620714483
Andrew Nembhard,IND,26.0,1786.0,15.7,14.435544444186506,-1.264455555813493
Wendell Carter Jr.,ORL,26.0,2288.0,14.1,14.420970703322464,0.32097070332246425
Gui Santos,GSW,23.0,1395.0,14.2,14.41465509016109,0.21465509016109152
Zach LaVine,SAC,30.0,1224.0,14.7,14.389245266943545,-0.31075473305645396
Dominick Barlow,PHI,22.0,1689.0,13.2,14.387138358625695,1.1871383586256954
Jrue Holiday,POR,35.0,1560.0,16.4,14.37336966460935,-2.0266303353906494
Myles Turner,MIL,29.0,1912.0,14.2,14.362581138264442,0.16258113826444287
Naji Marshall,DAL,28.0,2184.0,15.4,14.346535771537043,-1.053464228462957
Grayson Allen,PHO,30.0,1467.0,16.1,14.337939264629584,-1.762060735370417
Isaiah Joe,OKC,26.0,1507.0,15.5,14.236537702719394,-1.263462297280606
CJ McCollum,2TM,34.0,2264.0,15.9,14.173523284610893,-1.7264767153891079
Danny Wolf,BRK,21.0,1187.0,12.3,14.167842627017523,1.867842627017522
Craig Porter Jr.,CLE,25.0,1148.0,13.7,14.15487645785604,0.4548764578560416
Andrew Wiggins,MIA,30.0,2063.0,15.1,14.01911230632431,-1.08088769367569
Mikal Bridges,NYK,29.0,2692.0,15.3,14.00022605189397,-1.299773948106031
Anfernee Simons,2TM,26.0,1372.0,14.4,13.906604587509651,-0.493395412490349
Devin Vassell,SAS,25.0,2044.0,13.0,13.90064112666618,0.90064112666618
Oso Ighodaro,PHO,23.0,1808.0,13.8,13.8910491414782,0.09104914147819976
Kyshawn George,WAS,22.0,1391.0,13.8,13.839509437373371,0.039509437373370204
Bilal Coulibaly,WAS,21.0,1468.0,13.5,13.83588064970092,0.33588064970092013
Malik Monk,SAC,27.0,1364.0,14.2,13.816477844091036,-0.3835221559089632
Adem Bona,PHI,22.0,1234.0,12.8,13.811837589167052,1.011837589167051
De'Anthony Melton,GSW,27.0,1125.0,13.4,13.785468692437304,0.3854686924373034
Tobias Harris,DET,33.0,1746.0,15.0,13.778682093279086,-1.2213179067209143
Cameron Johnson,DEN,29.0,1647.0,12.8,13.759234730232706,0.9592347302327049
Christian Braun,DEN,24.0,1399.0,12.6,13.74783867019219,1.1478386701921899
Quentin Grimes,PHI,25.0,2206.0,12.9,13.743087299371505,0.8430872993715042
Cason Wallace,OKC,22.0,2046.0,12.1,13.743001966914768,1.6430019669147686
Jaden McDaniels,MIN,25.0,2316.0,14.0,13.740826439776592,-0.25917356022340776
Ace Bailey,UTA,19.0,1988.0,11.6,13.655202749293215,2.0552027492932154
Julian Champagnie,SAS,24.0,2266.0,13.1,13.599627175862986,0.49962717586298666
Dru Smith,MIA,28.0,1141.0,14.5,13.54915395041505,-0.9508460495849498
Moses Moody,GSW,23.0,1540.0,13.5,13.43321320645083,-0.06678679354916994
Jerami Grant,POR,31.0,1695.0,15.4,13.423814373864015,-1.976185626135985
Daniss Jenkins,DET,24.0,1455.0,13.4,13.422059324415525,0.022059324415524273
Will Riley,WAS,19.0,1633.0,12.1,13.412519679162859,1.3125196791628593
Ron Holland,DET,20.0,1551.0,11.7,13.408353925609466,1.708353925609467
Russell Westbrook,SAC,37.0,1853.0,15.1,13.36408100876066,-1.7359189912393393
Nae'Qwan Tomlin,CLE,25.0,1004.0,12.9,13.342751384165496,0.4427513841654953
Mouhamed Gueye,ATL,23.0,1179.0,12.0,13.332068602568583,1.332068602568583
P.J. Washington,DAL,27.0,1736.0,13.1,13.271627706602994,0.17162770660299387
Jarace Walker,IND,22.0,1953.0,11.5,13.252076659848182,1.752076659848182
Aaron Wiggins,OKC,27.0,1414.0,11.7,13.148420852431672,1.4484208524316724
Kyle Kuzma,MIL,30.0,1806.0,14.1,13.144685813408465,-0.9553141865915347
Jake LaRavia,LAL,24.0,2061.0,11.9,13.10712403534442,1.2071240353444193
Pelle Larsson,MIA,24.0,1849.0,13.1,13.087760949388825,-0.012239050611174918
Zaccharie Risacher,ATL,20.0,1503.0,11.8,12.995290654801856,1.1952906548018554
Noah Clowney,BRK,21.0,1780.0,11.2,12.937236694870828,1.7372366948708287
Donte DiVincenzo,MIN,29.0,2494.0,12.5,12.922579883610597,0.42257988361059695
Quinten Post,GSW,25.0,1159.0,13.0,12.853329382035671,-0.1466706179643289
Egor Dёmin,BRK,19.0,1308.0,11.3,12.849324309306262,1.549324309306261
Ryan Nembhard,DAL,22.0,1171.0,10.9,12.80414553129954,1.9041455312995392
Alex Caruso,OKC,31.0,1020.0,12.8,12.794918912692273,-0.005081087307727827
Jared McCain,2TM,21.0,1160.0,11.6,12.75766586826776,1.1576658682677596
De'Andre Hunter,2TM,28.0,1176.0,11.4,12.66245993450382,1.2624599345038199
Tre Johnson,WAS,19.0,1443.0,10.6,12.609486542612634,2.0094865426126347
Jericho Sims,MIL,27.0,1318.0,12.9,12.58901161656072,-0.31098838343928037
Jordan Goodwin,PHO,27.0,1572.0,14.7,12.557722957613247,-2.142277042386752
Pat Spencer,GSW,29.0,1229.0,12.1,12.514744433277048,0.4147444332770487
Dillon Brooks,PHO,30.0,1702.0,14.1,12.492962891703744,-1.6070371082962556
Javonte Green,DET,32.0,1446.0,14.1,12.461673604390905,-1.638326395609095
Derrick Jones Jr.,LAC,28.0,1350.0,13.3,12.428625358969832,-0.8713746410301688
John Konchar,2TM,29.0,1115.0,13.6,12.426027844268573,-1.1739721557314269
Jarred Vanderbilt,LAL,26.0,1128.0,11.2,12.385001176739857,1.185001176739858
Jordan Walsh,BOS,21.0,1212.0,13.1,12.372398448518746,-0.7276015514812535
Khris Middleton,2TM,34.0,1439.0,10.9,12.346463601452069,1.4464636014520682
Corey Kispert,2TM,26.0,1080.0,13.1,12.325049533065178,-0.774950466934822
Miles McBride,NYK,25.0,1080.0,13.1,12.293873161730756,-0.8061268382692433
Kevin Huerter,2TM,27.0,1549.0,13.2,12.291473232264176,-0.9085267677358235
Ryan Dunn,PHO,23.0,1355.0,11.7,12.269601482044585,0.569601482044586
Caleb Love,POR,24.0,1013.0,10.7,12.247866674266078,1.5478666742660785
Dennis Schröder,2TM,32.0,1697.0,12.9,12.219671852556807,-0.680328147443193
Jaylen Wells,MEM,22.0,1821.0,11.5,12.206663943874531,0.7066639438745312
Luke Kennard,2TM,29.0,1681.0,13.5,12.206338404907388,-1.2936615950926118
Ja'Kobe Walter,TOR,21.0,1474.0,11.8,12.19350658504409,0.39350658504409
Kelly Oubre Jr.,PHI,30.0,1574.0,13.0,12.190030722855095,-0.809969277144905
Ousmane Dieng,2TM,22.0,1099.0,10.2,12.147816854406326,1.9478168544063266
Gradey Dick,TOR,22.0,1067.0,10.7,12.14235370118952,1.4423537011895213
Taylor Hendricks,2TM,22.0,1118.0,12.2,12.13657823932176,-0.06342176067823857
Simone Fontecchio,MIA,30.0,1173.0,13.8,12.130203214115259,-1.669796785884742
Rui Hachimura,LAL,27.0,1927.0,11.6,12.126857832780498,0.5268578327804985
Caris LeVert,DET,31.0,1154.0,10.9,12.065577512176606,1.1655775121766059
Jose Alvarado,2TM,27.0,1370.0,12.1,12.064461470056951,-0.0355385299430484
Sam Merrill,CLE,29.0,1377.0,13.6,12.041244316580196,-1.558755683419804
Ziaire Williams,BRK,24.0,1281.0,12.4,11.985435358354803,-0.4145646416451978
Hugo González,BOS,19.0,1084.0,10.2,11.978811388902955,1.7788113889029553
Toumani Camara,POR,25.0,2731.0,11.3,11.970126256098212,0.6701262560982109
Tristan Da Silva,ORL,24.0,1899.0,12.0,11.945359225691195,-0.05464077430880465
Max Christie,DAL,22.0,2244.0,11.0,11.939632027085114,0.9396320270851142
Davion Mitchell,MIA,27.0,2000.0,12.1,11.929109246504323,-0.1708907534956765
Brook Lopez,LAC,37.0,1635.0,12.3,11.882646534811606,-0.4173534651883948
Jamir Watkins,WAS,24.0,1032.0,11.8,11.866531511103997,0.06653151110399591
Jordan Clarkson,NYK,33.0,1279.0,11.6,11.853955827042766,0.2539558270427662
Walter Clayton,2TM,22.0,1410.0,10.3,11.81576260468724,1.5157626046872394
Aaron Nesmith,IND,26.0,1335.0,10.8,11.812388152177784,1.0123881521777829
Sam Hauser,BOS,28.0,1934.0,11.9,11.739498448276718,-0.16050155172328218
Bub Carrington,WAS,20.0,2271.0,9.9,11.686034835687096,1.7860348356870954
Jamal Shead,TOR,23.0,1852.0,10.5,11.667515745452983,1.1675157454529828
Baylor Scheierman,BOS,25.0,1429.0,11.6,11.583393694411571,-0.016606305588428683
Guerschon Yabusele,2TM,30.0,1007.0,11.1,11.536948376947588,0.4369483769475888
Will Richard,GSW,23.0,1377.0,11.0,11.475432862902746,0.4754328629027462
Kobe Sanders,LAC,23.0,1351.0,10.0,11.338403865146676,1.3384038651466756
Keon Ellis,2TM,26.0,1478.0,10.8,11.311865281817346,0.5118652818173448
Vít Krejčí,2TM,25.0,1392.0,11.1,11.248980064985178,0.14898006498517802
Bruce Brown,DEN,29.0,1998.0,10.8,11.248886173140178,0.44888617314017765
Nolan Traoré,BRK,19.0,1243.0,7.9,11.236821899532773,3.3368218995327723
Duncan Robinson,DET,31.0,2113.0,12.4,11.15035582249263,-1.2496441775073706
Cody Williams,UTA,21.0,1631.0,9.6,11.118639255841593,1.5186392558415935
Josh Okogie,HOU,27.0,1354.0,9.9,11.105427437981186,1.2054274379811858
Nique Clifford,SAC,23.0,1882.0,9.0,10.91659321822275,1.9165932182227507
Harrison Barnes,SAS,33.0,1986.0,11.8,10.914030879507289,-0.885969120492712
Kris Dunn,LAC,31.0,2230.0,11.3,10.905488528277388,-0.3945114717226126
Marcus Smart,LAL,31.0,1769.0,9.9,10.890431322945307,0.990431322945307
Tim Hardaway Jr.,DEN,33.0,2127.0,13.5,10.86674788015437,-2.633252119845629
Isaac Okoro,CHI,25.0,1695.0,9.8,10.828845488104834,1.0288454881048334
Draymond Green,GSW,35.0,1869.0,10.4,10.727582304284937,0.3275823042849364
Rayan Rupert,2TM,21.0,1072.0,8.2,10.702818113409196,2.5028181134091962
Terance Mann,BRK,29.0,1529.0,10.2,10.655767318039656,0.45576731803965664
Landry Shamet,NYK,28.0,1171.0,11.2,10.566775875574045,-0.6332241244259542
Herbert Jones,NOP,27.0,1588.0,9.1,10.523185151039218,1.4231851510392186
Klay Thompson,DAL,35.0,1497.0,11.4,10.452428836424954,-0.9475711635750468
Royce O'Neale,PHO,32.0,2213.0,11.6,10.4279434168398,-1.1720565831601988
Kentavious Caldwell-Pope,MEM,32.0,1088.0,11.0,10.422199184053497,-0.5778008159465031
Sidy Cissoko,POR,21.0,1435.0,7.1,10.387249367263166,3.2872493672631666
Dean Wade,CLE,29.0,1318.0,10.9,10.347616808706018,-0.5523831912939823
Ben Sheppard,IND,24.0,1390.0,9.7,10.30097536311338,0.6009753631133812
Svi Mykhailiuk,UTA,28.0,1156.0,11.4,10.237473566428784,-1.162526433571216
Kris Murray,POR,25.0,1333.0,9.6,10.211887137508587,0.611887137508587
Patrick Williams,CHI,24.0,1474.0,8.2,10.202791865699208,2.0027918656992085
Spencer Jones,DEN,24.0,1417.0,9.3,10.136684089550002,0.8366840895500012
Sion James,CHO,23.0,1843.0,8.3,10.095067164713054,1.7950671647130534
A.J. Green,MIL,26.0,2270.0,9.4,9.834151477572007,0.4341514775720068
Luguentz Dort,OKC,26.0,1849.0,8.3,9.748404599858857,1.448404599858856
Drake Powell,BRK,20.0,1320.0,7.3,9.434308145923069,2.134308145923069
Gary Trent Jr.,MIL,27.0,1377.0,8.0,9.403883324431977,1.4038833244319768
Nicolas Batum,LAC,37.0,1295.0,8.4,7.7807469695346025,-0.6192530304653978
