feature,coef,abs_coef
per,3.200616957787066,3.200616957787066
age_x_mp,-0.9934921632789226,0.9934921632789226
mp,0.61790323219159,0.61790323219159
per_slope2,-0.452369172834821,0.452369172834821
mp_delta2,-0.3928331825071451,0.3928331825071451
ts_percent_lag2,0.39059736763218567,0.39059736763218567
years_past_peak,-0.3769809494318986,0.3769809494318986
mp_lag2,-0.35529796564251176,0.35529796564251176
vorp_roll3,0.3483537636518511,0.3483537636518511
starter_share,-0.33016250694859717,0.33016250694859717
vorp_lag1,0.3264466304020034,0.3264466304020034
gs,0.32640211691785603,0.32640211691785603
bpm_lag2,-0.3210218346409116,0.3210218346409116
ws_48_lag2,-0.29616184687757474,0.29616184687757474
team_w,0.2944419315014969,0.2944419315014969
g_delta2,0.28273290117483013,0.28273290117483013
per_lag1,0.2787887321152501,0.2787887321152501
ts_percent_delta2,0.2726326158629413,0.2726326158629413
mp_trend,0.25702198046168706,0.25702198046168706
usg_percent,0.24790736028065025,0.24790736028065025
mp_roll3,0.24525507165594201,0.24525507165594201
g_lag1,-0.23885688505239427,0.23885688505239427
ws_48_roll3,0.22088139437914547,0.22088139437914547
ows,0.2066047977661777,0.2066047977661777
trb_percent,0.20567940693231246,0.20567940693231246
decline_pressure,0.20465480372310516,0.20465480372310516
bpm_lag1,-0.2020697021153958,0.2020697021153958
mp_lag1,0.1872508487046136,0.1872508487046136
years_to_peak,0.18691232028461116,0.18691232028461116
g_lag2,0.1861352511047242,0.1861352511047242
mp_per_g,0.18508339177892671,0.18508339177892671
per_roll3,-0.1849475101136485,0.1849475101136485
dev_usg_percent,-0.1846582872238571,0.1846582872238571
seasons_observed,-0.18328874547455254,0.18328874547455254
d_rtg,0.172874702772628,0.172874702772628
ts_percent,-0.1716105436235364,0.1716105436235364
usg_percent_delta2,0.16130156239592014,0.16130156239592014
pg_percent,0.16066605404594156,0.16066605404594156
dev_bpm,-0.16024479087017482,0.16024479087017482
team_pace,0.15603349018656504,0.15603349018656504
ts_percent_delta1,0.15170112209885597,0.15170112209885597
ts_percent_lag1,-0.1447024004227815,0.1447024004227815
obpm,-0.13759446872047776,0.13759446872047776
per_delta2,0.13626741737631282,0.13626741737631282
vorp_lag2,0.13285443831182617,0.13285443831182617
mp_delta1,-0.13231241145774209,0.13231241145774209
usg_percent_lag2,0.1274540810766909,0.1274540810766909
career_usg_percent,-0.12333624488762897,0.12333624488762897
per_lag2,0.11408121881685472,0.11408121881685472
ws_48_delta1,-0.11230702903857445,0.11230702903857445
avg_dist_fga,0.11058219226192272,0.11058219226192272
g_roll3,-0.10989743437974785,0.10989743437974785
drb_percent,0.10792358380692427,0.10792358380692427
blk_percent,0.10467359756083557,0.10467359756083557
bpm_delta2,-0.10409510157629134,0.10409510157629134
vorp,-0.10062014003356973,0.10062014003356973
g_delta1,-0.10012859785969133,0.10012859785969133
wt,0.09732843488091485,0.09732843488091485
o_rtg,-0.09686519974590824,0.09686519974590824
is_past_peak,-0.09635701904796003,0.09635701904796003
usg_percent_lag1,-0.09252642277228856,0.09252642277228856
sg_percent,0.09236400686298793,0.09236400686298793
ast_percent,0.09136360025641846,0.09136360025641846
percent_fga_from_x3p_range,-0.08565288300094215,0.08565288300094215
f_tr,0.08003259847084257,0.08003259847084257
career_per,0.07761167558581925,0.07761167558581925
vorp_delta1,0.07552926831404552,0.07552926831404552
ws,0.0746376262546387,0.0746376262546387
dev_ts_percent,-0.07255923006059352,0.07255923006059352
tov_percent,0.07122284416248476,0.07122284416248476
bpm_delta1,-0.07050059110381685,0.07050059110381685
below_career_best,-0.06889286995438453,0.06889286995438453
ws_48_lag1,-0.06732207423880342,0.06732207423880342
career_bpm,-0.06155169639919323,0.06155169639919323
vorp_delta2,-0.05716644356733365,0.05716644356733365
dws,0.05491740939340519,0.05491740939340519
team_d_rtg,-0.05471448838788677,0.05471448838788677
usg_percent_roll3,-0.051091571418779486,0.051091571418779486
improving_2yr,0.049266668404589806,0.049266668404589806
bpm,-0.04516326375112765,0.04516326375112765
c_percent,-0.043551643839496994,0.043551643839496994
sf_percent,0.04052822012485567,0.04052822012485567
percent_assisted_x2p_fg,-0.03902016705634684,0.03902016705634684
ws_48_delta2,0.03896231367262742,0.03896231367262742
pf_percent,0.03694671019053011,0.03694671019053011
team_age,0.036871745964969414,0.036871745964969414
dev_per,0.036066026838188124,0.036066026838188124
orb_percent,-0.035430582201974696,0.035430582201974696
career_best_per,0.035211031765985994,0.035211031765985994
usg_percent_delta1,0.034205475262821056,0.034205475262821056
dbpm,0.03414742325789492,0.03414742325789492
declining_2yr,0.03259550947260792,0.03259550947260792
dev_mp,-0.032144246887000835,0.032144246887000835
ts_percent_roll3,0.024314582771161143,0.024314582771161143
career_ts_percent,-0.024266731573416443,0.024266731573416443
was_traded,-0.023858394999685267,0.023858394999685267
ht_in_in,0.019002133630892183,0.019002133630892183
bpm_roll3,-0.01843267607681441,0.01843267607681441
per_delta1,-0.016080396440146492,0.016080396440146492
experience,0.01568123641364098,0.01568123641364098
g,0.015501865378111823,0.015501865378111823
usg_shift,0.01272760575006449,0.01272760575006449
career_mp,-0.007723794019158913,0.007723794019158913
ws_48,0.005936250551102517,0.005936250551102517
exp_sq,-0.0030225747397841533,0.0030225747397841533
stl_percent,-0.0015100460841861352,0.0015100460841861352
team_o_rtg,-0.0008264350109851865,0.0008264350109851865
