feature,mean_abs_shap
per,2.0001526
per_lag1,0.43877563
years_past_peak,0.28885257
usg_percent,0.20089006
years_to_peak,0.18982306
team_pace,0.118058205
f_tr,0.1042174
decline_pressure,0.09462267
vorp,0.09264482
per_lag2,0.08844087
per_roll3,0.08707333
career_per,0.07370814
ws,0.061291575
drb_percent,0.059535597
team_o_rtg,0.05889455
percent_fga_from_x3p_range,0.05631181
exp_sq,0.05439165
obpm,0.053553805
ws_48,0.050958376
team_age,0.049396627
usg_percent_lag1,0.048014693
is_past_peak,0.045873843
dws,0.044372324
wt,0.04410162
vorp_roll3,0.043724995
trb_percent,0.04205968
avg_dist_fga,0.04133411
tov_percent,0.041310746
team_w,0.03863565
sf_percent,0.03411777
mp_per_g,0.033647884
blk_percent,0.033402164
team_d_rtg,0.028128857
ast_percent,0.027814077
dev_ts_percent,0.027518995
per_delta1,0.02750845
ts_percent,0.027100833
ts_percent_roll3,0.025474636
ws_48_delta2,0.024940655
ws_48_lag1,0.022544337
ts_percent_delta1,0.022491643
mp_lag2,0.021471491
experience,0.02076596
below_career_best,0.020629993
bpm,0.020346971
usg_percent_delta2,0.02034447
ts_percent_delta2,0.020227771
usg_percent_lag2,0.019777946
g_roll3,0.019080972
sg_percent,0.019045874
age_x_mp,0.01855327
starter_share,0.017504985
dev_bpm,0.016836412
g,0.016382065
ws_48_roll3,0.01612084
per_slope2,0.016043369
dev_mp,0.015969237
percent_assisted_x2p_fg,0.015961243
bpm_lag1,0.015155892
mp,0.014871646
gs,0.01425356
career_ts_percent,0.013759083
ws_48_delta1,0.013611549
dbpm,0.013461058
ts_percent_lag2,0.013293007
career_mp,0.013264195
career_best_per,0.013259547
orb_percent,0.013238343
career_bpm,0.012716281
dev_usg_percent,0.01255406
seasons_observed,0.012417076
bpm_delta2,0.012268111
o_rtg,0.011737567
bpm_delta1,0.0112640485
vorp_lag2,0.011159228
mp_delta2,0.010842504
vorp_delta1,0.010279682
dev_per,0.010194055
bpm_lag2,0.010038178
ts_percent_lag1,0.009597193
g_delta2,0.009318417
vorp_delta2,0.009246137
mp_trend,0.008992204
bpm_roll3,0.008680259
usg_percent_delta1,0.008546416
career_usg_percent,0.008391409
vorp_lag1,0.008349435
ws_48_lag2,0.008331799
d_rtg,0.0076865233
mp_delta1,0.0074855406
usg_percent_roll3,0.0074501727
per_delta2,0.0072554084
usg_shift,0.006906701
stl_percent,0.0064412984
mp_lag1,0.0062998403
mp_roll3,0.005822622
g_lag1,0.005632798
ows,0.005262496
g_delta1,0.0044503515
g_lag2,0.004206227
pg_percent,0.003597767
pf_percent,0.0026750108
ht_in_in,0.002607226
c_percent,0.002438193
was_traded,0.0
improving_2yr,0.0
declining_2yr,0.0
