season,team,wins,losses,pace,off_rating,def_rating,team_season_key,win_pct
1997,ATL,56.0,26.0,86.8,108.5,102.3,ATL_1997,0.683
1997,BOS,15.0,67.0,95.8,103.9,111.4,BOS_1997,0.183
1997,CHH,54.0,28.0,88.6,110.9,108.9,CHH_1997,0.659
1997,CHI,69.0,13.0,90.0,114.4,102.4,CHI_1997,0.841
1997,CLE,42.0,40.0,82.9,104.6,102.4,CLE_1997,0.512
1997,DAL,24.0,58.0,89.0,101.1,108.2,DAL_1997,0.293
1997,DEN,21.0,61.0,92.4,104.5,111.2,DEN_1997,0.256
1997,DET,54.0,28.0,84.5,110.6,104.4,DET_1997,0.659
1997,GSW,30.0,52.0,91.9,107.2,112.2,GSW_1997,0.366
1997,HOU,57.0,25.0,91.6,108.8,104.0,HOU_1997,0.695
1997,IND,39.0,43.0,89.0,105.8,104.7,IND_1997,0.476
1997,LAC,36.0,46.0,91.3,105.1,107.6,LAC_1997,0.439
1997,LAL,56.0,26.0,91.1,108.3,103.7,LAL_1997,0.683
1997,MIA,61.0,21.0,88.2,106.8,100.6,MIA_1997,0.744
1997,MIL,33.0,49.0,89.5,106.2,108.3,MIL_1997,0.402
1997,MIN,40.0,42.0,90.7,105.5,107.1,MIN_1997,0.488
1997,NJN,26.0,56.0,92.4,104.7,109.7,NJN_1997,0.317
1997,NYK,57.0,25.0,90.5,104.4,101.0,NYK_1997,0.695
1997,ORL,45.0,37.0,88.3,105.6,106.0,ORL_1997,0.549
1997,PHI,22.0,60.0,95.3,104.6,111.4,PHI_1997,0.268
1997,PHO,40.0,42.0,93.2,109.3,108.6,PHO_1997,0.488
1997,POR,49.0,33.0,90.9,107.9,103.3,POR_1997,0.598
1997,SAC,34.0,48.0,91.0,105.0,108.7,SAC_1997,0.415
1997,SAS,20.0,62.0,87.3,103.3,112.3,SAS_1997,0.244
1997,SEA,57.0,25.0,90.3,111.2,102.7,SEA_1997,0.695
1997,TOR,30.0,52.0,90.6,104.6,108.0,TOR_1997,0.366
1997,UTA,64.0,18.0,90.0,113.6,104.0,UTA_1997,0.78
1997,VAN,14.0,68.0,88.4,100.3,111.8,VAN_1997,0.171
1997,WSB,44.0,38.0,92.4,106.6,104.9,WSB_1997,0.537
1998,ATL,50.0,32.0,87.7,108.2,104.3,ATL_1998,0.61
1998,BOS,36.0,46.0,93.3,102.5,105.3,BOS_1998,0.439
1998,CHH,51.0,31.0,89.4,107.5,105.3,CHH_1998,0.622
1998,CHI,62.0,20.0,89.0,107.7,99.8,CHI_1998,0.756
1998,CLE,47.0,35.0,89.9,102.1,99.1,CLE_1998,0.573
1998,DAL,20.0,62.0,89.9,100.5,107.2,DAL_1998,0.244
1998,DEN,11.0,71.0,89.7,99.0,112.1,DEN_1998,0.134
1998,DET,37.0,45.0,88.2,105.3,103.5,DET_1998,0.451
1998,GSW,19.0,63.0,91.4,95.8,105.7,GSW_1998,0.232
1998,HOU,41.0,41.0,91.0,107.7,108.6,HOU_1998,0.5
1998,IND,58.0,24.0,87.9,108.4,101.5,IND_1998,0.707
1998,LAC,17.0,65.0,92.4,103.3,111.2,LAC_1998,0.207
1998,LAL,61.0,21.0,93.6,111.9,103.7,LAL_1998,0.744
1998,MIA,55.0,27.0,87.9,107.6,102.0,MIA_1998,0.671
1998,MIL,36.0,46.0,90.2,103.5,105.6,MIL_1998,0.439
1998,MIN,45.0,37.0,92.6,107.8,107.1,MIN_1998,0.549
1998,NJN,43.0,39.0,91.0,108.3,106.6,NJN_1998,0.524
1998,NYK,43.0,39.0,88.2,103.0,100.3,NYK_1998,0.524
1998,ORL,41.0,41.0,87.1,102.6,103.8,ORL_1998,0.5
1998,PHI,31.0,51.0,90.5,102.8,105.4,PHI_1998,0.378
1998,PHO,56.0,26.0,91.4,107.4,101.8,PHO_1998,0.683
1998,POR,46.0,36.0,90.0,104.0,102.4,POR_1998,0.561
1998,SAC,27.0,55.0,92.1,100.8,106.9,SAC_1998,0.329
1998,SAS,56.0,26.0,88.4,103.8,99.4,SAS_1998,0.683
1998,SEA,61.0,21.0,89.8,111.6,103.6,SEA_1998,0.744
1998,TOR,16.0,66.0,92.6,101.2,111.0,TOR_1998,0.195
1998,UTA,62.0,20.0,89.2,112.7,105.4,UTA_1998,0.756
1998,VAN,19.0,63.0,92.1,104.1,112.0,VAN_1998,0.232
1998,WAS,42.0,40.0,91.8,105.2,104.5,WAS_1998,0.512
1999,ATL,31.0,19.0,85.3,100.5,97.1,ATL_1999,0.62
1999,BOS,19.0,31.0,91.5,100.4,102.4,BOS_1999,0.38
1999,CHH,26.0,24.0,89.7,102.3,102.4,CHH_1999,0.52
1999,CHI,13.0,37.0,88.1,92.4,103.0,CHI_1999,0.26
1999,CLE,22.0,28.0,86.4,99.6,101.6,CLE_1999,0.44
1999,DAL,19.0,31.0,89.0,102.3,104.9,DAL_1999,0.38
1999,DEN,14.0,36.0,90.5,103.1,110.4,DEN_1999,0.28
1999,DET,29.0,21.0,86.3,104.2,100.3,DET_1999,0.58
1999,GSW,21.0,29.0,88.9,98.4,101.1,GSW_1999,0.42
1999,HOU,31.0,19.0,88.8,105.4,102.9,HOU_1999,0.62
1999,IND,33.0,17.0,86.4,108.7,104.4,IND_1999,0.66
1999,LAC,9.0,41.0,89.5,100.0,109.7,LAC_1999,0.18
1999,LAL,31.0,19.0,91.6,107.6,104.3,LAL_1999,0.62
1999,MIA,33.0,17.0,84.8,104.7,98.9,MIA_1999,0.66
1999,MIL,28.0,22.0,87.0,104.9,103.0,MIL_1999,0.56
1999,MIN,25.0,25.0,91.0,101.9,101.5,MIN_1999,0.5
1999,NJN,16.0,34.0,91.5,99.5,103.6,NJN_1999,0.32
1999,NYK,27.0,23.0,86.9,98.6,97.5,NYK_1999,0.54
1999,ORL,33.0,17.0,88.8,100.3,97.4,ORL_1999,0.66
1999,PHI,28.0,22.0,88.6,99.9,97.6,PHI_1999,0.56
1999,PHO,27.0,23.0,90.0,105.8,103.3,PHO_1999,0.54
1999,POR,35.0,15.0,89.2,104.8,97.7,POR_1999,0.7
1999,SAC,27.0,23.0,96.0,102.7,103.1,SAC_1999,0.54
1999,SAS,37.0,13.0,88.6,104.0,95.0,SAS_1999,0.74
1999,SEA,25.0,25.0,89.6,105.0,106.2,SEA_1999,0.5
1999,TOR,23.0,27.0,88.8,102.0,103.9,TOR_1999,0.46
1999,UTA,37.0,13.0,87.0,105.8,98.4,UTA_1999,0.74
1999,VAN,8.0,42.0,89.0,98.4,107.9,VAN_1999,0.16
1999,WAS,18.0,32.0,89.8,101.2,103.7,WAS_1999,0.36
2000,ATL,28.0,54.0,91.7,102.0,107.9,ATL_2000,0.341
2000,BOS,35.0,47.0,94.6,104.8,105.6,BOS_2000,0.427
2000,CHH,49.0,33.0,93.9,104.3,101.4,CHH_2000,0.598
2000,CHI,17.0,65.0,89.4,94.2,104.6,CHI_2000,0.207
2000,CLE,32.0,50.0,95.7,100.4,104.0,CLE_2000,0.39
2000,DAL,40.0,42.0,94.9,106.6,107.2,DAL_2000,0.488
2000,DEN,35.0,47.0,94.7,103.5,105.8,DEN_2000,0.427
2000,DET,42.0,40.0,95.7,107.3,105.8,DET_2000,0.512
2000,GSW,19.0,63.0,95.4,99.8,108.4,GSW_2000,0.232
2000,HOU,34.0,48.0,94.2,104.8,105.7,HOU_2000,0.415
2000,IND,56.0,26.0,93.1,108.5,103.6,IND_2000,0.683
2000,LAC,15.0,67.0,93.9,97.8,110.1,LAC_2000,0.183
2000,LAL,67.0,15.0,93.3,107.3,98.2,LAL_2000,0.817
2000,MIA,52.0,30.0,89.7,104.5,101.0,MIA_2000,0.634
2000,MIL,42.0,40.0,92.7,108.2,107.9,MIL_2000,0.512
2000,MIN,50.0,32.0,91.8,106.1,103.4,MIN_2000,0.61
2000,NJN,31.0,51.0,92.5,105.1,106.3,NJN_2000,0.378
2000,NYK,50.0,32.0,89.2,102.5,100.9,NYK_2000,0.61
2000,ORL,41.0,41.0,97.3,102.4,101.7,ORL_2000,0.5
2000,PHI,49.0,33.0,92.7,101.5,100.0,PHI_2000,0.598
2000,PHO,53.0,29.0,94.0,104.6,99.0,PHO_2000,0.646
2000,POR,59.0,23.0,89.9,107.9,100.8,POR_2000,0.72
2000,SAC,44.0,38.0,99.3,105.0,102.1,SAC_2000,0.537
2000,SAS,53.0,29.0,90.8,105.0,98.6,SAS_2000,0.646
2000,SEA,45.0,37.0,93.4,105.6,104.6,SEA_2000,0.549
2000,TOR,45.0,37.0,92.5,104.7,104.9,TOR_2000,0.549
2000,UTA,55.0,27.0,89.6,107.3,102.3,UTA_2000,0.671
2000,VAN,22.0,60.0,91.0,102.3,108.5,VAN_2000,0.268
2000,WAS,29.0,53.0,92.7,103.5,107.0,WAS_2000,0.354
2001,ATL,25.0,57.0,91.9,98.7,104.3,ATL_2001,0.305
2001,BOS,36.0,46.0,92.6,101.4,103.7,BOS_2001,0.439
2001,CHH,46.0,36.0,89.4,101.8,99.5,CHH_2001,0.561
2001,CHI,15.0,67.0,89.3,97.2,107.3,CHI_2001,0.183
2001,CLE,30.0,52.0,91.2,100.3,104.9,CLE_2001,0.366
2001,DAL,53.0,29.0,93.2,107.1,102.6,DAL_2001,0.646
2001,DEN,40.0,42.0,92.6,103.7,106.3,DEN_2001,0.488
2001,DET,32.0,50.0,94.7,100.0,101.8,DET_2001,0.39
2001,GSW,17.0,65.0,94.1,97.8,107.4,GSW_2001,0.207
2001,HOU,45.0,37.0,90.4,106.7,104.2,HOU_2001,0.549
2001,IND,41.0,41.0,89.4,102.0,102.2,IND_2001,0.5
2001,LAC,31.0,51.0,89.6,101.3,104.5,LAC_2001,0.378
2001,LAL,56.0,26.0,91.7,108.4,104.8,LAL_2001,0.683
2001,MIA,50.0,32.0,87.1,101.1,98.5,MIA_2001,0.61
2001,MIL,52.0,30.0,92.1,108.8,104.6,MIL_2001,0.634
2001,MIN,47.0,35.0,91.8,105.2,103.7,MIN_2001,0.573
2001,NJN,26.0,56.0,91.8,100.0,105.5,NJN_2001,0.317
2001,NYK,48.0,34.0,86.7,101.2,98.2,NYK_2001,0.585
2001,ORL,43.0,39.0,93.2,103.2,102.1,ORL_2001,0.524
2001,PHI,56.0,26.0,90.6,103.6,98.9,PHI_2001,0.683
2001,PHO,51.0,31.0,93.1,100.3,98.0,PHO_2001,0.622
2001,POR,50.0,32.0,89.1,106.5,101.8,POR_2001,0.61
2001,SAC,55.0,27.0,94.4,105.6,99.6,SAC_2001,0.671
2001,SAS,58.0,24.0,89.6,106.6,98.0,SAS_2001,0.707
2001,SEA,44.0,38.0,91.6,105.6,105.6,SEA_2001,0.537
2001,TOR,47.0,35.0,90.9,105.9,103.4,TOR_2001,0.573
2001,UTA,53.0,29.0,89.8,107.6,102.4,UTA_2001,0.646
2001,VAN,23.0,59.0,91.7,99.6,105.8,VAN_2001,0.28
2001,WAS,19.0,63.0,92.7,100.6,107.8,WAS_2001,0.232
2002,ATL,33.0,49.0,91.9,101.8,106.4,ATL_2002,0.402
2002,BOS,49.0,33.0,92.5,103.4,101.0,BOS_2002,0.598
2002,CHH,44.0,38.0,89.7,104.3,103.3,CHH_2002,0.537
2002,CHI,21.0,61.0,90.5,98.2,107.6,CHI_2002,0.256
2002,CLE,29.0,53.0,90.3,104.6,108.2,CLE_2002,0.354
2002,DAL,57.0,25.0,92.8,112.2,107.7,DAL_2002,0.695
2002,DEN,27.0,55.0,90.4,101.4,107.8,DEN_2002,0.329
2002,DET,50.0,32.0,90.0,104.8,102.4,DET_2002,0.61
2002,GSW,21.0,61.0,94.5,102.8,108.5,GSW_2002,0.256
2002,HOU,28.0,54.0,88.2,103.1,108.6,HOU_2002,0.341
2002,IND,42.0,40.0,91.9,104.1,103.8,IND_2002,0.512
2002,LAC,39.0,43.0,90.1,105.5,106.0,LAC_2002,0.476
2002,LAL,58.0,24.0,92.1,109.4,101.7,LAL_2002,0.707
2002,MEM,23.0,59.0,91.1,98.2,106.3,MEM_2002,0.28
2002,MIA,36.0,46.0,87.4,98.5,100.2,MIA_2002,0.439
2002,MIL,41.0,41.0,90.2,106.9,107.1,MIL_2002,0.5
2002,MIN,50.0,32.0,90.5,109.0,105.3,MIN_2002,0.61
2002,NJN,52.0,30.0,91.8,104.0,99.5,NJN_2002,0.634
2002,NYK,30.0,52.0,89.7,101.5,105.9,NYK_2002,0.366
2002,ORL,44.0,38.0,93.2,107.0,105.3,ORL_2002,0.537
2002,PHI,43.0,39.0,88.9,102.1,100.3,PHI_2002,0.524
2002,PHO,36.0,46.0,91.4,103.3,104.0,PHO_2002,0.439
2002,POR,49.0,33.0,89.3,107.4,104.0,POR_2002,0.598
2002,SAC,61.0,21.0,95.6,109.0,101.1,SAC_2002,0.744
2002,SAS,58.0,24.0,90.0,106.5,99.7,SAS_2002,0.707
2002,SEA,45.0,37.0,89.0,108.9,105.6,SEA_2002,0.549
2002,TOR,42.0,40.0,88.8,102.6,103.1,TOR_2002,0.512
2002,UTA,44.0,38.0,90.3,105.6,104.6,UTA_2002,0.537
2002,WAS,37.0,45.0,88.3,104.8,106.4,WAS_2002,0.451
2003,ATL,35.0,47.0,91.0,102.3,106.1,ATL_2003,0.427
2003,BOS,44.0,38.0,90.9,101.2,101.6,BOS_2003,0.537
2003,CHI,30.0,52.0,93.5,100.2,105.6,CHI_2003,0.366
2003,CLE,17.0,65.0,94.0,96.5,106.7,CLE_2003,0.207
2003,DAL,60.0,22.0,92.5,110.7,102.3,DAL_2003,0.732
2003,DEN,17.0,65.0,91.0,92.2,101.3,DEN_2003,0.207
2003,DET,50.0,32.0,86.8,104.1,99.9,DET_2003,0.61
2003,GSW,38.0,44.0,94.2,108.3,109.5,GSW_2003,0.463
2003,HOU,43.0,39.0,88.8,104.3,102.6,HOU_2003,0.524
2003,IND,48.0,34.0,91.6,104.6,100.8,IND_2003,0.585
2003,LAC,27.0,55.0,91.3,102.3,106.8,LAC_2003,0.329
2003,LAL,50.0,32.0,92.5,107.2,104.7,LAL_2003,0.61
2003,MEM,28.0,54.0,92.7,103.9,107.3,MEM_2003,0.341
2003,MIA,25.0,57.0,87.8,96.7,102.4,MIA_2003,0.305
2003,MIL,42.0,40.0,90.4,108.8,108.6,MIL_2003,0.512
2003,MIN,51.0,31.0,91.9,106.1,103.8,MIN_2003,0.622
2003,NJN,49.0,33.0,91.6,103.8,98.1,NJN_2003,0.598
2003,NOH,47.0,35.0,89.4,103.9,101.6,NOH_2003,0.573
2003,NYK,37.0,45.0,90.7,104.7,106.2,NYK_2003,0.451
2003,ORL,42.0,40.0,93.1,105.2,105.0,ORL_2003,0.512
2003,PHI,48.0,34.0,91.4,105.0,102.5,PHI_2003,0.585
2003,PHO,44.0,38.0,91.5,103.7,102.5,PHO_2003,0.537
2003,POR,50.0,32.0,89.4,105.5,102.6,POR_2003,0.61
2003,SAC,59.0,23.0,95.4,105.9,99.1,SAC_2003,0.72
2003,SAS,60.0,22.0,90.0,105.6,99.7,SAS_2003,0.732
2003,SEA,40.0,42.0,88.0,103.7,103.9,SEA_2003,0.488
2003,TOR,24.0,58.0,89.9,100.5,107.0,TOR_2003,0.293
2003,UTA,47.0,35.0,89.3,105.5,102.8,UTA_2003,0.573
2003,WAS,37.0,45.0,88.2,103.0,104.1,WAS_2003,0.451
2004,ATL,28.0,54.0,90.8,101.0,106.1,ATL_2004,0.341
2004,BOS,36.0,46.0,93.2,102.1,103.7,BOS_2004,0.439
2004,CHI,23.0,59.0,92.2,96.6,103.4,CHI_2004,0.28
2004,CLE,35.0,47.0,90.8,101.4,104.2,CLE_2004,0.427
2004,DAL,52.0,30.0,93.2,112.1,107.4,DAL_2004,0.634
2004,DEN,43.0,39.0,93.3,103.9,102.7,DEN_2004,0.524
2004,DET,54.0,28.0,87.9,102.0,95.4,DET_2004,0.659
2004,GSW,37.0,45.0,89.8,103.0,103.8,GSW_2004,0.451
2004,HOU,45.0,37.0,87.8,100.9,99.0,HOU_2004,0.549
2004,IND,61.0,21.0,87.5,103.8,97.2,IND_2004,0.744
2004,LAC,28.0,54.0,91.0,103.5,108.5,LAC_2004,0.341
2004,LAL,56.0,26.0,92.3,105.5,101.3,LAL_2004,0.683
2004,MEM,50.0,32.0,91.4,104.8,102.2,MEM_2004,0.61
2004,MIA,42.0,40.0,88.0,102.2,101.7,MIA_2004,0.512
2004,MIL,41.0,41.0,91.6,106.5,105.4,MIL_2004,0.5
2004,MIN,58.0,24.0,89.0,105.9,99.7,MIN_2004,0.707
2004,NJN,47.0,35.0,89.4,100.8,98.0,NJN_2004,0.573
2004,NOH,41.0,41.0,89.1,102.3,102.4,NOH_2004,0.5
2004,NYK,39.0,43.0,89.5,101.7,103.3,NYK_2004,0.476
2004,ORL,21.0,61.0,90.8,102.7,110.4,ORL_2004,0.256
2004,PHI,33.0,49.0,88.0,99.1,101.9,PHI_2004,0.402
2004,PHO,29.0,53.0,92.6,101.4,105.5,PHO_2004,0.354
2004,POR,41.0,41.0,86.2,103.7,105.1,POR_2004,0.5
2004,SAC,55.0,27.0,92.8,110.3,104.9,SAC_2004,0.671
2004,SAS,57.0,25.0,89.2,102.2,94.1,SAS_2004,0.695
2004,SEA,37.0,45.0,89.9,107.3,108.0,SEA_2004,0.451
2004,TOR,33.0,49.0,86.8,97.0,100.4,TOR_2004,0.402
2004,UTA,42.0,40.0,86.6,101.9,103.3,UTA_2004,0.512
2004,WAS,25.0,57.0,92.2,98.8,104.8,WAS_2004,0.305
2005,ATL,13.0,69.0,91.4,100.6,111.1,ATL_2005,0.159
2005,BOS,45.0,37.0,93.3,107.5,106.6,BOS_2005,0.549
2005,CHA,18.0,64.0,92.3,101.1,107.5,CHA_2005,0.22
2005,CHI,47.0,35.0,92.4,101.4,100.3,CHI_2005,0.573
2005,CLE,42.0,40.0,89.7,106.6,105.7,CLE_2005,0.512
2005,DAL,58.0,24.0,92.7,110.3,104.1,DAL_2005,0.707
2005,DEN,49.0,33.0,93.5,106.0,103.9,DEN_2005,0.598
2005,DET,54.0,28.0,87.2,105.6,101.2,DET_2005,0.659
2005,GSW,34.0,48.0,93.3,104.7,106.9,GSW_2005,0.415
2005,HOU,51.0,31.0,88.8,106.2,101.7,HOU_2005,0.622
2005,IND,44.0,38.0,87.2,105.5,104.6,IND_2005,0.537
2005,LAC,37.0,45.0,89.1,105.5,106.4,LAC_2005,0.451
2005,LAL,34.0,48.0,90.8,108.1,111.4,LAL_2005,0.415
2005,MEM,45.0,37.0,88.5,105.5,102.9,MEM_2005,0.549
2005,MIA,59.0,23.0,90.8,110.2,103.1,MIA_2005,0.72
2005,MIL,30.0,52.0,90.8,106.6,109.8,MIL_2005,0.366
2005,MIN,44.0,38.0,89.1,108.2,106.6,MIN_2005,0.537
2005,NJN,42.0,40.0,89.1,101.4,103.1,NJN_2005,0.512
2005,NOH,18.0,64.0,87.6,99.7,107.7,NOH_2005,0.22
2005,NYK,33.0,49.0,90.7,106.2,108.9,NYK_2005,0.402
2005,ORL,36.0,46.0,94.7,104.9,107.3,ORL_2005,0.439
2005,PHI,43.0,39.0,94.9,103.5,104.3,PHI_2005,0.524
2005,PHO,62.0,20.0,95.9,114.5,107.1,PHO_2005,0.756
2005,POR,27.0,55.0,89.8,103.2,107.7,POR_2005,0.329
2005,SAC,50.0,32.0,93.0,110.5,108.2,SAC_2005,0.61
2005,SAS,59.0,23.0,88.9,107.5,98.8,SAS_2005,0.72
2005,SEA,52.0,30.0,87.9,112.2,109.6,SEA_2005,0.634
2005,TOR,33.0,49.0,92.7,106.9,108.7,TOR_2005,0.402
2005,UTA,26.0,56.0,88.4,104.7,109.5,UTA_2005,0.317
2005,WAS,45.0,37.0,93.3,107.2,107.5,WAS_2005,0.549
2006,ATL,26.0,56.0,90.4,106.4,111.6,ATL_2006,0.317
2006,BOS,33.0,49.0,92.2,105.2,106.9,BOS_2006,0.402
2006,CHA,26.0,56.0,93.4,102.5,106.7,CHA_2006,0.317
2006,CHI,41.0,41.0,92.9,104.0,103.4,CHI_2006,0.5
2006,CLE,50.0,32.0,89.8,107.8,105.4,CLE_2006,0.61
2006,DAL,60.0,22.0,87.8,111.8,105.0,DAL_2006,0.732
2006,DEN,44.0,38.0,93.9,105.5,105.2,DEN_2006,0.537
2006,DET,64.0,18.0,86.8,110.8,103.1,DET_2006,0.78
2006,GSW,34.0,48.0,93.3,104.8,106.2,GSW_2006,0.415
2006,HOU,34.0,48.0,88.0,101.6,103.3,HOU_2006,0.415
2006,IND,41.0,41.0,89.7,104.5,102.4,IND_2006,0.5
2006,LAC,47.0,35.0,91.7,105.3,103.6,LAC_2006,0.573
2006,LAL,45.0,37.0,90.9,108.4,105.7,LAL_2006,0.549
2006,MEM,49.0,33.0,86.3,105.9,101.6,MEM_2006,0.598
2006,MIA,52.0,30.0,91.6,108.7,104.5,MIA_2006,0.634
2006,MIL,40.0,42.0,91.2,106.3,107.4,MIL_2006,0.488
2006,MIN,33.0,49.0,88.8,102.4,104.5,MIN_2006,0.402
2006,NJN,49.0,33.0,89.8,103.9,102.4,NJN_2006,0.598
2006,NOK,38.0,44.0,89.0,103.7,106.8,NOK_2006,0.463
2006,NYK,23.0,59.0,90.8,104.0,111.0,NYK_2006,0.28
2006,ORL,36.0,46.0,88.3,106.3,107.5,ORL_2006,0.439
2006,PHI,38.0,44.0,92.7,106.0,108.1,PHI_2006,0.463
2006,PHO,54.0,28.0,95.8,111.5,105.8,PHO_2006,0.659
2006,POR,21.0,61.0,87.6,101.1,111.9,POR_2006,0.256
2006,SAC,44.0,38.0,91.9,106.7,105.0,SAC_2006,0.537
2006,SAS,63.0,19.0,88.5,107.3,99.6,SAS_2006,0.768
2006,SEA,35.0,47.0,91.6,111.1,114.4,SEA_2006,0.427
2006,TOR,27.0,55.0,91.1,109.5,112.7,TOR_2006,0.329
2006,UTA,41.0,41.0,87.8,104.1,107.0,UTA_2006,0.5
2006,WAS,42.0,40.0,92.3,109.3,107.3,WAS_2006,0.512
2007,ATL,30.0,52.0,90.0,103.0,108.3,ATL_2007,0.366
2007,BOS,24.0,58.0,92.0,103.2,106.9,BOS_2007,0.293
2007,CHA,33.0,49.0,92.0,103.6,107.6,CHA_2007,0.402
2007,CHI,49.0,33.0,93.6,104.9,99.6,CHI_2007,0.598
2007,CLE,50.0,32.0,90.8,105.5,101.3,CLE_2007,0.61
2007,DAL,67.0,15.0,89.5,111.3,103.2,DAL_2007,0.817
2007,DEN,45.0,37.0,97.4,107.6,105.9,DEN_2007,0.549
2007,DET,53.0,29.0,87.3,108.9,104.2,DET_2007,0.646
2007,GSW,42.0,40.0,99.2,107.0,107.4,GSW_2007,0.512
2007,HOU,52.0,30.0,90.7,106.0,100.7,HOU_2007,0.634
2007,IND,35.0,47.0,92.4,102.9,105.5,IND_2007,0.427
2007,LAC,40.0,42.0,90.8,105.1,105.6,LAC_2007,0.488
2007,LAL,42.0,40.0,93.5,108.6,108.6,LAL_2007,0.512
2007,MEM,22.0,60.0,93.6,106.9,112.3,MEM_2007,0.268
2007,MIA,44.0,38.0,89.9,104.3,105.3,MIA_2007,0.537
2007,MIL,28.0,54.0,92.3,107.0,111.7,MIL_2007,0.341
2007,MIN,32.0,50.0,91.0,103.9,107.9,MIN_2007,0.39
2007,NJN,41.0,41.0,91.4,105.7,106.6,NJN_2007,0.5
2007,NOK,39.0,43.0,90.2,104.8,106.5,NOK_2007,0.476
2007,NYK,33.0,49.0,90.8,105.7,108.8,NYK_2007,0.402
2007,ORL,40.0,42.0,89.9,104.9,104.1,ORL_2007,0.488
2007,PHI,35.0,47.0,90.7,103.6,106.9,PHI_2007,0.427
2007,PHO,61.0,21.0,95.6,113.9,106.4,PHO_2007,0.744
2007,POR,32.0,50.0,88.3,105.1,109.9,POR_2007,0.39
2007,SAC,33.0,49.0,94.8,106.2,108.0,SAC_2007,0.402
2007,SAS,58.0,24.0,89.8,109.2,99.9,SAS_2007,0.707
2007,SEA,31.0,51.0,91.8,107.2,110.3,SEA_2007,0.378
2007,TOR,47.0,35.0,92.6,107.0,106.0,TOR_2007,0.573
2007,UTA,51.0,31.0,91.6,110.1,107.0,UTA_2007,0.622
2007,WAS,41.0,41.0,94.1,110.1,110.6,WAS_2007,0.5
2008,ATL,37.0,45.0,91.1,106.9,108.9,ATL_2008,0.451
2008,BOS,66.0,16.0,90.9,110.2,98.9,BOS_2008,0.805
2008,CHA,32.0,50.0,91.8,104.6,109.4,CHA_2008,0.39
2008,CHI,33.0,49.0,93.0,103.9,107.2,CHI_2008,0.402
2008,CLE,45.0,37.0,90.2,106.0,106.4,CLE_2008,0.549
2008,DAL,51.0,31.0,90.2,111.1,106.1,DAL_2008,0.622
2008,DEN,50.0,32.0,99.7,110.0,106.3,DEN_2008,0.61
2008,DET,59.0,23.0,87.3,111.4,102.9,DET_2008,0.72
2008,GSW,48.0,34.0,98.8,111.8,109.5,GSW_2008,0.585
2008,HOU,55.0,27.0,90.4,106.8,101.6,HOU_2008,0.671
2008,IND,36.0,46.0,97.7,106.0,107.5,IND_2008,0.439
2008,LAC,23.0,59.0,92.1,101.2,109.1,LAC_2008,0.28
2008,LAL,57.0,25.0,95.6,113.0,105.5,LAL_2008,0.695
2008,MEM,22.0,60.0,95.3,105.0,111.4,MEM_2008,0.268
2008,MIA,15.0,67.0,90.2,100.5,110.0,MIA_2008,0.183
2008,MIL,26.0,56.0,91.3,105.3,112.8,MIL_2008,0.317
2008,MIN,22.0,60.0,91.9,103.8,111.2,MIN_2008,0.268
2008,NJN,34.0,48.0,91.5,104.0,109.4,NJN_2008,0.415
2008,NOH,56.0,26.0,89.9,111.5,105.7,NOH_2008,0.683
2008,NYK,23.0,59.0,91.6,104.7,111.9,NYK_2008,0.28
2008,ORL,52.0,30.0,93.4,111.3,105.5,ORL_2008,0.634
2008,PHI,40.0,42.0,90.4,106.4,106.0,PHI_2008,0.488
2008,PHO,55.0,27.0,96.7,113.3,108.1,PHO_2008,0.671
2008,POR,41.0,41.0,87.9,107.3,108.4,POR_2008,0.5
2008,SAC,38.0,44.0,94.7,107.5,109.9,SAC_2008,0.463
2008,SAS,56.0,26.0,88.8,107.2,101.8,SAS_2008,0.683
2008,SEA,20.0,62.0,96.3,100.5,109.5,SEA_2008,0.244
2008,TOR,41.0,41.0,90.2,110.2,107.0,TOR_2008,0.5
2008,UTA,54.0,28.0,93.2,113.8,106.5,UTA_2008,0.659
2008,WAS,43.0,39.0,89.5,109.2,109.6,WAS_2008,0.524
2009,ATL,47.0,35.0,89.6,109.3,107.6,ATL_2009,0.573
2009,BOS,62.0,20.0,90.4,110.5,102.3,BOS_2009,0.756
2009,CHA,35.0,47.0,88.3,104.7,106.1,CHA_2009,0.427
2009,CHI,41.0,41.0,93.1,108.4,108.7,CHI_2009,0.5
2009,CLE,66.0,16.0,88.7,112.4,102.4,CLE_2009,0.805
2009,DAL,50.0,32.0,91.5,110.5,108.4,DAL_2009,0.61
2009,DEN,54.0,28.0,94.3,110.4,106.8,DEN_2009,0.659
2009,DET,39.0,43.0,86.7,107.4,108.0,DET_2009,0.476
2009,GSW,29.0,53.0,98.2,109.5,113.3,GSW_2009,0.354
2009,HOU,53.0,29.0,90.2,108.4,104.0,HOU_2009,0.646
2009,IND,36.0,46.0,96.5,108.1,109.2,IND_2009,0.439
2009,LAC,19.0,63.0,92.1,102.3,111.7,LAC_2009,0.232
2009,LAL,65.0,17.0,94.3,112.8,104.7,LAL_2009,0.793
2009,MEM,24.0,58.0,90.1,103.5,109.5,MEM_2009,0.293
2009,MIA,43.0,39.0,89.9,107.8,107.6,MIA_2009,0.524
2009,MIL,34.0,48.0,92.6,106.7,107.9,MIL_2009,0.415
2009,MIN,24.0,58.0,91.6,106.1,111.4,MIN_2009,0.293
2009,NJN,34.0,48.0,89.9,108.3,111.0,NJN_2009,0.415
2009,NOH,49.0,33.0,87.8,108.7,107.0,NOH_2009,0.598
2009,NYK,32.0,50.0,96.7,108.1,110.8,NYK_2009,0.39
2009,OKC,23.0,59.0,93.6,102.9,109.4,OKC_2009,0.28
2009,ORL,59.0,23.0,92.3,109.2,101.9,ORL_2009,0.72
2009,PHI,41.0,41.0,90.0,107.9,107.8,PHI_2009,0.5
2009,PHO,46.0,36.0,96.0,113.6,111.6,PHO_2009,0.561
2009,POR,54.0,28.0,86.6,113.9,107.8,POR_2009,0.659
2009,SAC,17.0,65.0,94.2,105.5,114.7,SAC_2009,0.207
2009,SAS,54.0,28.0,88.4,108.5,104.3,SAS_2009,0.659
2009,TOR,33.0,49.0,92.0,107.0,110.0,TOR_2009,0.402
2009,UTA,48.0,34.0,93.1,110.1,107.3,UTA_2009,0.585
2009,WAS,19.0,63.0,91.0,105.4,113.6,WAS_2009,0.232
2010,ATL,53.0,29.0,90.1,111.9,106.7,ATL_2010,0.646
2010,BOS,50.0,32.0,91.6,107.7,103.8,BOS_2010,0.61
2010,CHA,44.0,38.0,90.4,104.4,102.8,CHA_2010,0.537
2010,CHI,41.0,41.0,93.1,103.5,105.3,CHI_2010,0.5
2010,CLE,61.0,21.0,91.4,111.2,104.1,CLE_2010,0.744
2010,DAL,55.0,27.0,92.5,109.2,106.3,DAL_2010,0.671
2010,DEN,53.0,29.0,94.8,111.8,107.5,DEN_2010,0.646
2010,DET,27.0,55.0,88.5,105.6,111.4,DET_2010,0.329
2010,GSW,26.0,56.0,100.4,108.1,111.7,GSW_2010,0.317
2010,HOU,42.0,40.0,94.0,107.6,108.0,HOU_2010,0.512
2010,IND,32.0,50.0,97.1,103.7,106.8,IND_2010,0.39
2010,LAC,29.0,53.0,92.6,103.3,110.1,LAC_2010,0.354
2010,LAL,57.0,25.0,92.8,108.8,103.7,LAL_2010,0.695
2010,MEM,40.0,42.0,93.6,108.3,109.9,MEM_2010,0.488
2010,MIA,47.0,35.0,89.6,106.6,104.1,MIA_2010,0.573
2010,MIL,46.0,36.0,91.7,104.9,103.1,MIL_2010,0.561
2010,MIN,15.0,67.0,96.1,101.7,111.6,MIN_2010,0.183
2010,NJN,12.0,70.0,91.4,100.6,110.5,NJN_2010,0.146
2010,NOH,37.0,45.0,92.6,107.4,110.1,NOH_2010,0.451
2010,NYK,29.0,53.0,94.0,107.6,111.6,NYK_2010,0.354
2010,OKC,50.0,32.0,93.1,108.3,104.6,OKC_2010,0.61
2010,ORL,59.0,23.0,92.0,111.4,103.3,ORL_2010,0.72
2010,PHI,27.0,55.0,91.6,106.1,110.3,PHI_2010,0.329
2010,PHO,54.0,28.0,95.3,115.3,110.2,PHO_2010,0.659
2010,POR,50.0,32.0,87.7,110.8,107.1,POR_2010,0.61
2010,SAC,25.0,57.0,94.0,105.3,109.9,SAC_2010,0.305
2010,SAS,50.0,32.0,91.7,110.0,104.5,SAS_2010,0.61
2010,TOR,40.0,42.0,93.1,111.3,113.2,TOR_2010,0.488
2010,UTA,53.0,29.0,93.8,110.7,105.0,UTA_2010,0.646
2010,WAS,26.0,56.0,91.6,104.2,109.4,WAS_2010,0.317
2011,ATL,44.0,38.0,89.3,106.1,107.0,ATL_2011,0.537
2011,BOS,56.0,26.0,90.4,106.2,100.3,BOS_2011,0.683
2011,CHA,34.0,48.0,89.6,103.4,107.8,CHA_2011,0.415
2011,CHI,62.0,20.0,90.4,108.3,100.3,CHI_2011,0.756
2011,CLE,19.0,63.0,93.0,102.2,111.8,CLE_2011,0.232
2011,DAL,57.0,25.0,91.3,109.7,105.0,DAL_2011,0.695
2011,DEN,50.0,32.0,95.6,112.3,107.3,DEN_2011,0.61
2011,DET,30.0,52.0,89.2,107.7,111.7,DET_2011,0.366
2011,GSW,36.0,46.0,94.8,108.2,110.7,GSW_2011,0.439
2011,HOU,43.0,39.0,94.2,111.3,109.0,HOU_2011,0.524
2011,IND,37.0,45.0,94.7,104.8,106.0,IND_2011,0.451
2011,LAC,32.0,50.0,92.8,105.3,108.7,LAC_2011,0.39
2011,LAL,57.0,25.0,90.7,111.0,104.3,LAL_2011,0.695
2011,MEM,46.0,36.0,91.9,107.6,105.1,MEM_2011,0.561
2011,MIA,58.0,24.0,90.9,111.7,103.5,MIA_2011,0.707
2011,MIL,35.0,47.0,89.8,101.6,102.5,MIL_2011,0.427
2011,MIN,17.0,65.0,96.5,104.2,111.1,MIN_2011,0.207
2011,NJN,24.0,58.0,89.9,103.1,109.9,NJN_2011,0.293
2011,NOH,46.0,36.0,88.7,106.2,105.2,NOH_2011,0.561
2011,NYK,42.0,40.0,95.6,110.9,110.1,NYK_2011,0.512
2011,OKC,55.0,27.0,92.7,111.2,107.2,OKC_2011,0.671
2011,ORL,52.0,30.0,91.2,107.9,102.0,ORL_2011,0.634
2011,PHI,41.0,41.0,91.7,106.6,105.0,PHI_2011,0.5
2011,PHO,40.0,42.0,94.4,109.5,110.4,PHO_2011,0.488
2011,POR,48.0,34.0,87.9,108.8,107.1,POR_2011,0.585
2011,SAC,24.0,58.0,95.2,103.5,109.0,SAC_2011,0.293
2011,SAS,61.0,21.0,92.3,111.8,105.6,SAS_2011,0.744
2011,TOR,22.0,60.0,92.9,106.1,112.9,TOR_2011,0.268
2011,UTA,39.0,43.0,91.0,108.1,110.1,UTA_2011,0.476
2011,WAS,23.0,59.0,93.8,102.4,110.2,WAS_2011,0.28
2012,ATL,40.0,26.0,90.2,104.9,101.2,ATL_2012,0.606
2012,BOS,39.0,27.0,90.4,101.0,98.2,BOS_2012,0.591
2012,CHA,7.0,59.0,91.1,95.2,110.4,CHA_2012,0.106
2012,CHI,50.0,16.0,89.1,107.4,98.3,CHI_2012,0.758
2012,CLE,21.0,45.0,91.3,101.1,108.9,CLE_2012,0.318
2012,DAL,36.0,30.0,91.4,103.3,102.3,DAL_2012,0.545
2012,DEN,38.0,28.0,94.2,109.2,106.2,DEN_2012,0.576
2012,DET,25.0,41.0,89.2,101.0,106.3,DET_2012,0.379
2012,GSW,23.0,43.0,92.3,105.4,109.1,GSW_2012,0.348
2012,HOU,34.0,32.0,91.7,105.5,105.2,HOU_2012,0.515
2012,IND,42.0,24.0,90.7,106.7,103.1,IND_2012,0.636
2012,LAC,40.0,26.0,89.2,108.5,105.7,LAC_2012,0.606
2012,LAL,41.0,25.0,90.5,106.0,104.4,LAL_2012,0.621
2012,MEM,41.0,25.0,90.8,104.0,101.8,MEM_2012,0.621
2012,MIA,46.0,20.0,91.2,106.6,100.2,MIA_2012,0.697
2012,MIL,31.0,35.0,93.7,105.5,105.2,MIL_2012,0.47
2012,MIN,26.0,40.0,93.3,104.3,106.6,MIN_2012,0.394
2012,NJN,22.0,44.0,90.1,102.9,109.6,NJN_2012,0.333
2012,NOH,21.0,45.0,88.3,100.9,105.1,NOH_2012,0.318
2012,NYK,36.0,30.0,93.2,104.4,101.0,NYK_2012,0.545
2012,OKC,47.0,19.0,93.0,109.8,103.2,OKC_2012,0.712
2012,ORL,37.0,29.0,89.0,105.0,104.1,ORL_2012,0.561
2012,PHI,35.0,31.0,89.7,103.9,99.2,PHI_2012,0.53
2012,PHO,33.0,33.0,92.6,106.2,106.5,PHO_2012,0.5
2012,POR,28.0,38.0,91.2,105.7,106.4,POR_2012,0.424
2012,SAC,22.0,44.0,94.7,103.8,109.8,SAC_2012,0.333
2012,SAS,50.0,16.0,92.9,110.9,103.2,SAS_2012,0.758
2012,TOR,23.0,43.0,89.3,100.8,104.5,TOR_2012,0.348
2012,UTA,36.0,30.0,91.4,106.8,106.1,UTA_2012,0.545
2012,WAS,20.0,46.0,92.5,101.0,106.2,WAS_2012,0.303
2013,ATL,44.0,38.0,92.6,104.8,104.4,ATL_2013,0.537
2013,BOS,41.0,40.0,91.7,103.1,103.3,BOS_2013,0.506
2013,BRK,49.0,33.0,88.8,108.2,106.2,BRK_2013,0.598
2013,CHA,21.0,61.0,91.5,101.5,111.5,CHA_2013,0.256
2013,CHI,45.0,37.0,89.3,103.5,103.2,CHI_2013,0.549
2013,CLE,24.0,58.0,92.3,104.3,109.4,CLE_2013,0.293
2013,DAL,41.0,41.0,94.1,105.9,106.5,DAL_2013,0.5
2013,DEN,57.0,25.0,95.1,110.4,105.1,DEN_2013,0.695
2013,DET,29.0,53.0,90.8,103.8,108.1,DET_2013,0.354
2013,GSW,47.0,35.0,94.5,106.4,105.5,GSW_2013,0.573
2013,HOU,45.0,37.0,96.1,109.7,106.1,HOU_2013,0.549
2013,IND,49.0,32.0,90.2,104.3,99.8,IND_2013,0.605
2013,LAC,56.0,26.0,91.1,110.6,103.6,LAC_2013,0.683
2013,LAL,45.0,37.0,94.4,107.8,106.6,LAL_2013,0.549
2013,MEM,56.0,26.0,88.4,104.9,100.3,MEM_2013,0.683
2013,MIA,66.0,16.0,90.7,112.3,103.7,MIA_2013,0.805
2013,MIL,38.0,44.0,94.7,103.6,105.2,MIL_2013,0.463
2013,MIN,31.0,51.0,92.8,102.9,105.4,MIN_2013,0.378
2013,NOH,27.0,55.0,88.5,105.7,110.1,NOH_2013,0.329
2013,NYK,54.0,28.0,89.8,111.1,106.3,NYK_2013,0.659
2013,OKC,60.0,22.0,93.3,112.4,102.6,OKC_2013,0.732
2013,ORL,20.0,62.0,92.2,101.6,109.1,ORL_2013,0.244
2013,PHI,34.0,48.0,91.0,102.0,105.7,PHI_2013,0.415
2013,PHO,25.0,57.0,93.4,101.2,108.1,PHO_2013,0.305
2013,POR,33.0,49.0,91.4,105.8,109.2,POR_2013,0.402
2013,SAC,28.0,54.0,93.6,106.2,111.4,SAC_2013,0.341
2013,SAS,58.0,24.0,94.2,108.3,101.6,SAS_2013,0.707
2013,TOR,34.0,48.0,90.4,105.9,107.5,TOR_2013,0.415
2013,UTA,43.0,39.0,90.9,106.7,106.8,UTA_2013,0.524
2013,WAS,29.0,53.0,92.2,100.2,103.0,WAS_2013,0.354
2014,ATL,38.0,44.0,94.6,105.9,106.4,ATL_2014,0.463
2014,BOS,25.0,57.0,93.3,102.9,107.7,BOS_2014,0.305
2014,BRK,44.0,38.0,91.4,106.7,107.7,BRK_2014,0.537
2014,CHA,43.0,39.0,92.4,103.6,103.8,CHA_2014,0.524
2014,CHI,48.0,34.0,90.2,102.5,100.5,CHI_2014,0.585
2014,CLE,33.0,49.0,93.1,104.2,107.7,CLE_2014,0.402
2014,DAL,49.0,33.0,93.5,111.2,108.7,DAL_2014,0.598
2014,DEN,36.0,46.0,98.1,106.0,108.2,DEN_2014,0.439
2014,DET,29.0,53.0,94.9,105.9,109.7,DET_2014,0.354
2014,GSW,51.0,31.0,96.2,107.5,102.6,GSW_2014,0.622
2014,HOU,54.0,28.0,96.3,111.0,106.3,HOU_2014,0.659
2014,IND,56.0,26.0,92.5,104.1,99.3,IND_2014,0.683
2014,LAC,57.0,25.0,95.9,112.1,104.8,LAC_2014,0.695
2014,LAL,27.0,55.0,98.7,104.2,110.6,LAL_2014,0.329
2014,MEM,50.0,32.0,89.9,106.3,104.6,MEM_2014,0.61
2014,MIA,54.0,28.0,91.2,110.9,105.8,MIA_2014,0.659
2014,MIL,15.0,67.0,91.8,103.0,111.8,MIL_2014,0.183
2014,MIN,40.0,42.0,97.3,108.9,106.2,MIN_2014,0.488
2014,NOP,34.0,48.0,92.2,107.2,110.1,NOP_2014,0.415
2014,NYK,37.0,45.0,90.3,108.3,109.1,NYK_2014,0.451
2014,OKC,59.0,23.0,95.4,110.5,103.9,OKC_2014,0.72
2014,ORL,23.0,59.0,93.6,101.7,107.4,ORL_2014,0.28
2014,PHI,19.0,63.0,99.2,99.4,109.9,PHI_2014,0.232
2014,PHO,48.0,34.0,95.8,109.5,106.7,PHO_2014,0.585
2014,POR,54.0,28.0,94.9,111.5,107.4,POR_2014,0.659
2014,SAC,28.0,54.0,94.4,105.7,108.8,SAC_2014,0.341
2014,SAS,62.0,20.0,95.0,110.5,102.4,SAS_2014,0.756
2014,TOR,48.0,34.0,91.8,108.8,105.3,TOR_2014,0.585
2014,UTA,25.0,57.0,91.4,103.5,111.3,UTA_2014,0.305
2014,WAS,44.0,38.0,93.2,106.0,104.6,WAS_2014,0.537
2015,ATL,60.0,22.0,93.9,108.9,103.1,ATL_2015,0.732
2015,BOS,40.0,42.0,95.8,104.7,104.5,BOS_2015,0.488
2015,BRK,38.0,44.0,92.7,104.4,107.4,BRK_2015,0.463
2015,CHI,50.0,32.0,92.8,107.5,104.3,CHI_2015,0.61
2015,CHO,33.0,49.0,93.0,100.1,103.5,CHO_2015,0.402
2015,CLE,53.0,29.0,92.3,111.1,106.3,CLE_2015,0.646
2015,DAL,50.0,32.0,95.2,109.5,106.4,DAL_2015,0.61
2015,DEN,30.0,52.0,96.1,104.5,108.2,DEN_2015,0.366
2015,DET,32.0,50.0,92.8,105.3,106.4,DET_2015,0.39
2015,GSW,67.0,15.0,98.3,111.6,101.4,GSW_2015,0.817
2015,HOU,56.0,26.0,96.5,107.0,103.4,HOU_2015,0.683
2015,IND,38.0,44.0,93.2,103.5,103.2,IND_2015,0.463
2015,LAC,56.0,26.0,94.7,112.4,105.5,LAC_2015,0.683
2015,LAL,21.0,61.0,94.0,103.4,110.6,LAL_2015,0.256
2015,MEM,55.0,27.0,92.0,105.7,102.2,MEM_2015,0.671
2015,MIA,37.0,45.0,90.9,103.9,106.7,MIA_2015,0.451
2015,MIL,41.0,41.0,94.1,102.7,102.2,MIL_2015,0.5
2015,MIN,16.0,66.0,94.4,102.9,112.2,MIN_2015,0.195
2015,NOP,45.0,37.0,91.4,108.2,107.3,NOP_2015,0.549
2015,NYK,17.0,65.0,91.2,99.9,110.0,NYK_2015,0.207
2015,OKC,45.0,37.0,95.7,107.8,105.5,OKC_2015,0.549
2015,ORL,25.0,57.0,93.8,101.6,107.7,ORL_2015,0.305
2015,PHI,18.0,64.0,95.7,95.5,104.8,PHI_2015,0.22
2015,PHO,39.0,43.0,96.3,105.3,106.2,PHO_2015,0.476
2015,POR,51.0,31.0,94.2,108.2,103.7,POR_2015,0.622
2015,SAC,29.0,53.0,95.4,105.3,109.2,SAC_2015,0.354
2015,SAS,55.0,27.0,93.8,108.5,102.0,SAS_2015,0.671
2015,TOR,49.0,33.0,92.8,111.0,107.7,TOR_2015,0.598
2015,UTA,38.0,44.0,90.4,105.1,104.9,UTA_2015,0.463
2015,WAS,46.0,36.0,93.7,103.7,103.0,WAS_2015,0.561
2016,ATL,48.0,34.0,97.1,105.1,101.4,ATL_2016,0.585
2016,BOS,48.0,34.0,98.5,106.8,103.6,BOS_2016,0.585
2016,BRK,21.0,61.0,95.2,103.2,110.9,BRK_2016,0.256
2016,CHI,42.0,40.0,95.7,105.0,106.5,CHI_2016,0.512
2016,CHO,48.0,34.0,95.6,107.2,104.3,CHO_2016,0.585
2016,CLE,57.0,25.0,93.3,110.9,104.5,CLE_2016,0.695
2016,DAL,42.0,40.0,94.3,106.7,107.0,DAL_2016,0.512
2016,DEN,33.0,49.0,95.7,105.6,108.9,DEN_2016,0.402
2016,DET,44.0,38.0,95.1,106.1,105.5,DET_2016,0.537
2016,GSW,73.0,9.0,99.3,114.5,103.8,GSW_2016,0.89
2016,HOU,41.0,41.0,97.6,108.3,108.1,HOU_2016,0.5
2016,IND,45.0,37.0,96.6,104.6,102.9,IND_2016,0.549
2016,LAC,53.0,29.0,95.8,108.3,103.8,LAC_2016,0.646
2016,LAL,17.0,65.0,95.6,101.6,111.6,LAL_2016,0.207
2016,MEM,42.0,40.0,93.3,105.4,107.8,MEM_2016,0.512
2016,MIA,48.0,34.0,93.6,106.1,104.4,MIA_2016,0.585
2016,MIL,33.0,49.0,94.2,104.3,108.7,MIL_2016,0.402
2016,MIN,29.0,53.0,95.2,106.5,110.1,MIN_2016,0.354
2016,NOP,30.0,52.0,96.8,105.6,109.5,NOP_2016,0.366
2016,NYK,32.0,50.0,93.4,104.6,107.6,NYK_2016,0.39
2016,OKC,55.0,27.0,96.7,113.1,105.6,OKC_2016,0.671
2016,ORL,35.0,47.0,96.0,105.1,106.8,ORL_2016,0.427
2016,PHI,10.0,72.0,97.9,98.8,109.2,PHI_2016,0.122
2016,PHO,23.0,59.0,98.5,102.2,109.0,PHO_2016,0.28
2016,POR,44.0,38.0,96.0,108.8,108.0,POR_2016,0.537
2016,SAC,33.0,49.0,100.0,106.0,108.4,SAC_2016,0.402
2016,SAS,67.0,15.0,93.8,110.3,99.0,SAS_2016,0.817
2016,TOR,56.0,26.0,92.9,110.0,105.2,TOR_2016,0.683
2016,UTA,40.0,42.0,91.0,105.9,103.9,UTA_2016,0.488
2016,WAS,41.0,41.0,98.5,105.3,105.8,WAS_2016,0.5
2017,ATL,43.0,39.0,97.4,104.9,105.7,ATL_2017,0.524
2017,BOS,53.0,29.0,96.8,111.2,108.4,BOS_2017,0.646
2017,BRK,20.0,62.0,101.3,104.1,110.7,BRK_2017,0.244
2017,CHI,41.0,41.0,95.3,107.4,107.0,CHI_2017,0.5
2017,CHO,36.0,46.0,95.7,108.8,108.6,CHO_2017,0.439
2017,CLE,51.0,31.0,96.2,113.6,110.3,CLE_2017,0.622
2017,DAL,33.0,49.0,92.2,105.6,108.8,DAL_2017,0.402
2017,DEN,40.0,42.0,98.3,113.2,112.7,DEN_2017,0.488
2017,DET,37.0,45.0,95.0,106.0,107.1,DET_2017,0.451
2017,GSW,67.0,15.0,99.8,115.6,104.0,GSW_2017,0.817
2017,HOU,55.0,27.0,100.0,114.7,109.0,HOU_2017,0.671
2017,IND,42.0,40.0,95.9,108.6,108.8,IND_2017,0.512
2017,LAC,51.0,31.0,96.1,112.7,108.2,LAC_2017,0.622
2017,LAL,26.0,56.0,98.5,106.0,113.0,LAL_2017,0.317
2017,MEM,43.0,39.0,92.3,107.7,107.1,MEM_2017,0.524
2017,MIA,41.0,41.0,95.2,107.8,106.7,MIA_2017,0.5
2017,MIL,42.0,40.0,94.5,109.1,109.3,MIL_2017,0.512
2017,MIN,31.0,51.0,94.6,110.8,112.0,MIN_2017,0.378
2017,NOP,34.0,48.0,98.0,105.2,107.4,NOP_2017,0.415
2017,NYK,31.0,51.0,96.0,107.7,111.5,NYK_2017,0.378
2017,OKC,47.0,35.0,97.8,108.3,107.5,OKC_2017,0.573
2017,ORL,29.0,53.0,96.8,103.7,110.5,ORL_2017,0.354
2017,PHI,28.0,54.0,98.5,103.2,108.9,PHI_2017,0.341
2017,PHO,24.0,58.0,100.3,106.6,112.2,PHO_2017,0.293
2017,POR,41.0,41.0,96.7,110.3,110.8,POR_2017,0.5
2017,SAC,32.0,50.0,94.9,107.3,111.3,SAC_2017,0.39
2017,SAS,61.0,21.0,94.2,111.1,103.5,SAS_2017,0.744
2017,TOR,51.0,31.0,94.7,112.3,107.8,TOR_2017,0.622
2017,UTA,51.0,31.0,91.6,109.6,105.3,UTA_2017,0.622
2017,WAS,49.0,33.0,97.4,111.2,109.3,WAS_2017,0.598
2018,ATL,24.0,58.0,98.3,105.0,110.6,ATL_2018,0.293
2018,BOS,55.0,27.0,96.0,107.6,103.9,BOS_2018,0.671
2018,BRK,28.0,54.0,98.9,106.9,110.6,BRK_2018,0.341
2018,CHI,27.0,55.0,98.3,103.8,110.9,CHI_2018,0.329
2018,CHO,36.0,46.0,98.4,109.4,109.1,CHO_2018,0.439
2018,CLE,50.0,32.0,98.0,112.9,111.9,CLE_2018,0.61
2018,DAL,24.0,58.0,95.6,106.3,109.5,DAL_2018,0.293
2018,DEN,46.0,36.0,96.8,112.5,111.0,DEN_2018,0.561
2018,DET,39.0,43.0,96.2,107.2,107.3,DET_2018,0.476
2018,GSW,58.0,24.0,99.6,113.6,107.7,GSW_2018,0.707
2018,HOU,65.0,17.0,97.6,114.7,106.1,HOU_2018,0.793
2018,IND,48.0,34.0,96.0,109.5,108.1,IND_2018,0.585
2018,LAC,42.0,40.0,98.7,110.3,110.2,LAC_2018,0.512
2018,LAL,35.0,47.0,100.3,106.5,108.0,LAL_2018,0.427
2018,MEM,22.0,60.0,94.9,104.5,111.0,MEM_2018,0.268
2018,MIA,44.0,38.0,95.6,106.8,106.3,MIA_2018,0.537
2018,MIL,44.0,38.0,96.3,109.8,110.1,MIL_2018,0.537
2018,MIN,47.0,35.0,96.0,113.4,111.1,MIN_2018,0.573
2018,NOP,48.0,34.0,100.5,109.6,108.3,NOP_2018,0.585
2018,NYK,29.0,53.0,96.8,107.1,110.7,NYK_2018,0.354
2018,OKC,48.0,34.0,96.7,110.7,107.2,OKC_2018,0.585
2018,ORL,25.0,57.0,98.1,105.2,110.1,ORL_2018,0.305
2018,PHI,52.0,30.0,99.8,109.5,105.0,PHI_2018,0.634
2018,PHO,21.0,61.0,100.3,103.5,112.9,PHO_2018,0.256
2018,POR,49.0,33.0,96.5,109.1,106.4,POR_2018,0.598
2018,SAC,27.0,55.0,94.9,103.7,111.1,SAC_2018,0.329
2018,SAS,47.0,35.0,95.0,107.9,104.8,SAS_2018,0.573
2018,TOR,59.0,23.0,97.4,113.8,105.9,TOR_2018,0.72
2018,UTA,48.0,34.0,95.7,108.4,103.9,UTA_2018,0.585
2018,WAS,43.0,39.0,96.6,109.3,108.7,WAS_2018,0.524
2019,ATL,29.0,53.0,103.9,108.1,113.9,ATL_2019,0.354
2019,BOS,49.0,33.0,99.6,112.2,107.8,BOS_2019,0.598
2019,BRK,42.0,40.0,100.8,109.6,109.7,BRK_2019,0.512
2019,CHI,22.0,60.0,99.0,104.8,113.2,CHI_2019,0.268
2019,CHO,39.0,43.0,98.7,111.4,112.5,CHO_2019,0.476
2019,CLE,19.0,63.0,96.6,107.7,117.6,CLE_2019,0.232
2019,DAL,33.0,49.0,99.0,109.4,110.7,DAL_2019,0.402
2019,DEN,54.0,28.0,97.7,113.0,108.9,DEN_2019,0.659
2019,DET,41.0,41.0,97.4,109.0,109.2,DET_2019,0.5
2019,GSW,57.0,25.0,100.9,115.9,109.5,GSW_2019,0.695
2019,HOU,53.0,29.0,97.9,115.5,110.7,HOU_2019,0.646
2019,IND,48.0,34.0,98.1,109.9,106.5,IND_2019,0.585
2019,LAC,48.0,34.0,101.7,112.4,111.5,LAC_2019,0.585
2019,LAL,37.0,45.0,103.2,107.8,109.5,LAL_2019,0.451
2019,MEM,33.0,49.0,96.6,106.1,108.8,MEM_2019,0.402
2019,MIA,39.0,43.0,98.2,107.3,107.6,MIA_2019,0.476
2019,MIL,60.0,22.0,103.3,113.8,105.2,MIL_2019,0.732
2019,MIN,36.0,46.0,100.2,111.4,112.9,MIN_2019,0.439
2019,NOP,33.0,49.0,103.3,111.4,112.6,NOP_2019,0.402
2019,NYK,17.0,65.0,99.6,104.5,113.7,NYK_2019,0.207
2019,OKC,49.0,33.0,102.8,110.3,107.0,OKC_2019,0.598
2019,ORL,42.0,40.0,98.1,108.9,108.1,ORL_2019,0.512
2019,PHI,51.0,31.0,101.6,112.6,110.0,PHI_2019,0.622
2019,PHO,19.0,63.0,100.5,105.9,115.1,PHO_2019,0.232
2019,POR,53.0,29.0,99.1,114.7,110.5,POR_2019,0.646
2019,SAC,39.0,43.0,103.1,110.4,111.5,SAC_2019,0.476
2019,SAS,48.0,34.0,98.3,112.9,111.2,SAS_2019,0.585
2019,TOR,58.0,24.0,100.2,113.1,107.1,TOR_2019,0.707
2019,UTA,50.0,32.0,100.3,110.9,105.7,UTA_2019,0.61
2019,WAS,32.0,50.0,101.4,111.1,113.9,WAS_2019,0.39
2020,ATL,20.0,47.0,103.0,107.2,114.8,ATL_2020,0.299
2020,BOS,48.0,24.0,99.5,113.3,107.0,BOS_2020,0.667
2020,BRK,35.0,37.0,101.4,108.9,109.5,BRK_2020,0.486
2020,CHI,22.0,43.0,99.7,106.7,109.8,CHI_2020,0.338
2020,CHO,23.0,42.0,95.8,106.3,113.3,CHO_2020,0.354
2020,CLE,19.0,46.0,98.7,107.5,115.4,CLE_2020,0.292
2020,DAL,43.0,32.0,99.3,116.7,111.7,DAL_2020,0.573
2020,DEN,46.0,27.0,97.1,113.1,111.0,DEN_2020,0.63
2020,DET,20.0,46.0,97.6,109.0,112.7,DET_2020,0.303
2020,GSW,15.0,50.0,100.3,105.2,113.8,GSW_2020,0.231
2020,HOU,44.0,28.0,103.7,112.9,110.1,HOU_2020,0.611
2020,IND,45.0,28.0,98.9,110.0,108.0,IND_2020,0.616
2020,LAC,49.0,23.0,101.5,113.9,107.6,LAC_2020,0.681
2020,LAL,52.0,19.0,100.9,112.0,106.3,LAL_2020,0.732
2020,MEM,34.0,39.0,102.8,109.2,110.3,MEM_2020,0.466
2020,MIA,44.0,29.0,98.3,112.5,109.5,MIA_2020,0.603
2020,MIL,56.0,17.0,105.1,112.4,102.9,MIL_2020,0.767
2020,MIN,19.0,45.0,103.4,108.1,112.2,MIN_2020,0.297
2020,NOP,30.0,42.0,103.7,110.7,111.9,NOP_2020,0.417
2020,NYK,21.0,45.0,98.6,106.5,113.0,NYK_2020,0.318
2020,OKC,44.0,28.0,98.8,110.8,108.8,OKC_2020,0.611
2020,ORL,33.0,40.0,98.6,108.5,109.5,ORL_2020,0.452
2020,PHI,43.0,30.0,99.0,111.3,109.0,PHI_2020,0.589
2020,PHO,34.0,39.0,101.3,111.7,111.4,PHO_2020,0.466
2020,POR,35.0,39.0,100.7,113.7,114.8,POR_2020,0.473
2020,SAC,31.0,41.0,98.9,110.2,112.2,SAC_2020,0.431
2020,SAS,32.0,39.0,100.5,112.4,113.5,SAS_2020,0.451
2020,TOR,53.0,19.0,100.9,111.1,105.0,TOR_2020,0.736
2020,UTA,44.0,28.0,98.6,112.3,109.9,UTA_2020,0.611
2020,WAS,25.0,47.0,102.7,110.9,115.5,WAS_2020,0.347
2021,ATL,41.0,31.0,97.6,115.7,113.3,ATL_2021,0.569
2021,BOS,36.0,36.0,98.3,114.0,112.5,BOS_2021,0.5
2021,BRK,48.0,24.0,99.5,118.3,113.8,BRK_2021,0.667
2021,CHI,31.0,41.0,99.0,111.1,112.0,CHI_2021,0.431
2021,CHO,33.0,39.0,98.3,110.9,112.8,CHO_2021,0.458
2021,CLE,22.0,50.0,97.3,105.8,114.4,CLE_2021,0.306
2021,DAL,42.0,30.0,97.3,115.4,113.0,DAL_2021,0.583
2021,DEN,47.0,25.0,97.1,117.1,112.1,DEN_2021,0.653
2021,DET,20.0,52.0,97.9,108.0,112.5,DET_2021,0.278
2021,GSW,39.0,33.0,102.2,111.1,110.1,GSW_2021,0.542
2021,HOU,17.0,55.0,101.4,107.1,114.9,HOU_2021,0.236
2021,IND,34.0,38.0,101.6,112.4,112.4,IND_2021,0.472
2021,LAC,47.0,25.0,96.9,117.6,111.2,LAC_2021,0.653
2021,LAL,42.0,30.0,98.7,109.9,107.1,LAL_2021,0.583
2021,MEM,38.0,34.0,100.4,112.0,111.0,MEM_2021,0.528
2021,MIA,40.0,32.0,96.6,111.2,111.2,MIA_2021,0.556
2021,MIL,46.0,26.0,102.2,117.2,111.4,MIL_2021,0.639
2021,MIN,23.0,49.0,101.6,109.5,115.0,MIN_2021,0.319
2021,NOP,31.0,41.0,100.1,113.5,113.8,NOP_2021,0.431
2021,NYK,41.0,31.0,95.9,110.6,108.2,NYK_2021,0.569
2021,OKC,22.0,50.0,101.0,103.5,114.0,OKC_2021,0.306
2021,ORL,21.0,51.0,98.7,105.1,114.5,ORL_2021,0.292
2021,PHI,49.0,23.0,99.5,113.2,107.6,PHI_2021,0.681
2021,PHO,51.0,21.0,97.2,117.2,111.3,PHO_2021,0.708
2021,POR,42.0,30.0,98.4,117.8,116.0,POR_2021,0.583
2021,SAC,31.0,41.0,100.0,113.6,117.2,SAC_2021,0.431
2021,SAS,33.0,39.0,98.9,111.0,112.8,SAS_2021,0.458
2021,TOR,27.0,45.0,99.2,112.0,112.5,TOR_2021,0.375
2021,UTA,52.0,20.0,98.5,117.6,108.3,UTA_2021,0.722
2021,WAS,34.0,38.0,104.1,111.2,113.0,WAS_2021,0.472
2022,ATL,43.0,39.0,97.7,116.5,114.9,ATL_2022,0.524
2022,BOS,51.0,31.0,96.6,114.4,106.9,BOS_2022,0.622
2022,BRK,44.0,38.0,99.0,113.6,112.8,BRK_2022,0.537
2022,CHI,46.0,36.0,98.3,113.2,113.6,CHI_2022,0.561
2022,CHO,43.0,39.0,100.0,114.1,113.7,CHO_2022,0.524
2022,CLE,44.0,38.0,96.1,111.9,109.7,CLE_2022,0.537
2022,DAL,52.0,30.0,95.4,112.8,109.4,DAL_2022,0.634
2022,DEN,48.0,34.0,97.8,114.5,112.1,DEN_2022,0.585
2022,DET,23.0,59.0,98.4,106.0,113.8,DET_2022,0.28
2022,GSW,53.0,29.0,98.4,112.5,106.9,GSW_2022,0.646
2022,HOU,20.0,62.0,100.9,108.4,116.7,HOU_2022,0.244
2022,IND,25.0,57.0,98.0,112.6,116.1,IND_2022,0.305
2022,LAC,42.0,40.0,98.0,110.1,110.1,LAC_2022,0.512
2022,LAL,33.0,49.0,100.1,110.3,113.3,LAL_2022,0.402
2022,MEM,56.0,26.0,100.3,114.6,109.0,MEM_2022,0.683
2022,MIA,53.0,29.0,95.9,113.7,109.1,MIA_2022,0.646
2022,MIL,51.0,31.0,99.9,115.1,111.8,MIL_2022,0.622
2022,MIN,46.0,36.0,100.9,114.3,111.7,MIN_2022,0.561
2022,NOP,36.0,46.0,97.2,112.0,113.0,NOP_2022,0.439
2022,NYK,37.0,45.0,95.9,110.4,110.5,NYK_2022,0.451
2022,OKC,24.0,58.0,98.6,104.6,112.8,OKC_2022,0.293
2022,ORL,22.0,60.0,99.2,104.5,112.5,ORL_2022,0.268
2022,PHI,51.0,31.0,96.2,113.5,110.8,PHI_2022,0.622
2022,PHO,64.0,18.0,99.8,114.8,107.3,PHO_2022,0.78
2022,POR,27.0,55.0,98.3,107.8,116.9,POR_2022,0.329
2022,SAC,30.0,52.0,99.8,109.9,115.3,SAC_2022,0.366
2022,SAS,34.0,48.0,100.0,112.4,112.3,SAS_2022,0.415
2022,TOR,48.0,34.0,96.0,112.9,110.5,TOR_2022,0.585
2022,UTA,49.0,33.0,97.1,116.7,110.5,UTA_2022,0.598
2022,WAS,35.0,47.0,97.0,111.1,114.5,WAS_2022,0.427
2023,ATL,41.0,41.0,100.7,116.6,116.3,ATL_2023,0.5
2023,BOS,57.0,25.0,98.5,118.0,111.5,BOS_2023,0.695
2023,BRK,45.0,37.0,98.3,115.0,114.1,BRK_2023,0.549
2023,CHI,40.0,42.0,98.5,113.5,112.2,CHI_2023,0.488
2023,CHO,27.0,55.0,100.8,109.2,115.3,CHO_2023,0.329
2023,CLE,51.0,31.0,95.7,116.1,110.6,CLE_2023,0.622
2023,DAL,38.0,44.0,96.6,116.8,116.7,DAL_2023,0.463
2023,DEN,53.0,29.0,98.1,117.6,114.2,DEN_2023,0.646
2023,DET,17.0,65.0,99.0,110.7,118.9,DET_2023,0.207
2023,GSW,44.0,38.0,101.6,116.1,114.4,GSW_2023,0.537
2023,HOU,22.0,60.0,99.0,111.4,119.3,HOU_2023,0.268
2023,IND,35.0,47.0,101.1,114.6,117.7,IND_2023,0.427
2023,LAC,44.0,38.0,98.0,115.0,114.5,LAC_2023,0.537
2023,LAL,43.0,39.0,101.3,114.5,113.9,LAL_2023,0.524
2023,MEM,51.0,31.0,101.1,115.1,111.2,MEM_2023,0.622
2023,MIA,44.0,38.0,96.3,113.0,113.3,MIA_2023,0.537
2023,MIL,58.0,24.0,100.5,115.4,111.9,MIL_2023,0.707
2023,MIN,42.0,40.0,101.0,113.7,113.8,MIN_2023,0.512
2023,NOP,42.0,40.0,99.1,114.4,112.5,NOP_2023,0.512
2023,NYK,47.0,35.0,97.1,117.8,114.8,NYK_2023,0.573
2023,OKC,40.0,42.0,101.1,115.2,114.2,OKC_2023,0.488
2023,ORL,34.0,48.0,99.3,111.6,114.2,ORL_2023,0.415
2023,PHI,54.0,28.0,96.9,117.7,113.3,PHI_2023,0.659
2023,PHO,45.0,37.0,98.2,115.1,113.0,PHO_2023,0.549
2023,POR,33.0,49.0,98.6,114.8,118.8,POR_2023,0.402
2023,SAC,48.0,34.0,100.3,119.4,116.8,SAC_2023,0.585
2023,SAS,22.0,60.0,101.6,110.2,120.0,SAS_2023,0.268
2023,TOR,41.0,41.0,97.1,115.5,114.0,TOR_2023,0.5
2023,UTA,37.0,45.0,100.5,115.8,116.7,UTA_2023,0.451
2023,WAS,35.0,47.0,98.6,114.4,115.6,WAS_2023,0.427
2024,ATL,36.0,46.0,100.1,117.2,119.4,ATL_2024,0.439
2024,BOS,64.0,18.0,97.2,123.2,111.6,BOS_2024,0.78
2024,BRK,32.0,50.0,96.9,113.2,116.1,BRK_2024,0.39
2024,CHI,39.0,43.0,96.3,114.9,116.3,CHI_2024,0.476
2024,CHO,21.0,61.0,97.3,109.3,119.8,CHO_2024,0.256
2024,CLE,48.0,34.0,97.2,115.2,112.7,CLE_2024,0.585
2024,DAL,50.0,32.0,100.1,117.6,115.4,DAL_2024,0.61
2024,DEN,57.0,25.0,96.8,118.5,113.0,DEN_2024,0.695
2024,DET,14.0,68.0,99.8,109.7,118.8,DET_2024,0.171
2024,GSW,46.0,36.0,99.2,117.8,115.2,GSW_2024,0.561
2024,HOU,41.0,41.0,99.0,114.5,113.4,HOU_2024,0.5
2024,IND,47.0,35.0,101.7,121.0,118.0,IND_2024,0.573
2024,LAC,51.0,31.0,97.2,118.8,115.4,LAC_2024,0.622
2024,LAL,47.0,35.0,100.9,115.9,115.3,LAL_2024,0.573
2024,MEM,27.0,55.0,98.2,107.2,114.3,MEM_2024,0.329
2024,MIA,46.0,36.0,96.2,114.0,112.2,MIA_2024,0.561
2024,MIL,49.0,33.0,99.9,118.4,115.8,MIL_2024,0.598
2024,MIN,56.0,26.0,97.1,115.6,109.0,MIN_2024,0.683
2024,NOP,49.0,33.0,97.9,117.4,112.9,NOP_2024,0.598
2024,NYK,50.0,32.0,95.2,118.2,113.4,NYK_2024,0.61
2024,OKC,57.0,25.0,99.8,119.5,112.1,OKC_2024,0.695
2024,ORL,47.0,35.0,96.9,113.4,111.3,ORL_2024,0.573
2024,PHI,47.0,35.0,97.5,116.9,113.8,PHI_2024,0.573
2024,PHO,49.0,33.0,98.3,117.6,114.6,PHO_2024,0.598
2024,POR,21.0,61.0,97.2,108.3,117.5,POR_2024,0.256
2024,SAC,46.0,36.0,98.8,116.9,115.2,SAC_2024,0.561
2024,SAS,22.0,60.0,101.1,110.0,116.4,SAS_2024,0.268
2024,TOR,25.0,57.0,99.4,112.3,118.8,TOR_2024,0.305
2024,UTA,31.0,51.0,99.5,115.5,120.4,UTA_2024,0.378
2024,WAS,15.0,67.0,102.7,110.5,119.6,WAS_2024,0.183
2025,ATL,40.0,42.0,102.6,114.6,115.7,ATL_2025,0.488
2025,BOS,61.0,21.0,95.7,120.6,111.1,BOS_2025,0.744
2025,BRK,26.0,56.0,96.4,108.5,115.8,BRK_2025,0.317
2025,CHI,39.0,43.0,102.8,114.1,115.6,CHI_2025,0.476
2025,CHO,19.0,63.0,97.6,107.3,116.6,CHO_2025,0.232
2025,CLE,64.0,18.0,99.8,121.7,112.2,CLE_2025,0.78
2025,DAL,39.0,43.0,99.2,114.8,116.0,DAL_2025,0.476
2025,DEN,50.0,32.0,99.8,119.9,116.0,DEN_2025,0.61
2025,DET,44.0,38.0,99.8,115.0,113.1,DET_2025,0.537
2025,GSW,48.0,34.0,98.7,115.0,111.7,GSW_2025,0.585
2025,HOU,52.0,30.0,98.6,115.3,110.8,HOU_2025,0.634
2025,IND,50.0,32.0,99.9,116.5,114.3,IND_2025,0.61
2025,LAC,50.0,32.0,97.5,115.1,110.3,LAC_2025,0.61
2025,LAL,50.0,32.0,97.6,115.9,114.7,LAL_2025,0.61
2025,MEM,48.0,34.0,103.3,117.7,113.0,MEM_2025,0.585
2025,MIA,37.0,45.0,96.2,113.5,112.9,MIA_2025,0.451
2025,MIL,48.0,34.0,99.3,115.9,113.4,MIL_2025,0.585
2025,MIN,49.0,33.0,97.3,116.6,111.5,MIN_2025,0.598
2025,NOP,21.0,61.0,99.1,110.4,119.9,NOP_2025,0.256
2025,NYK,51.0,31.0,96.7,118.5,114.3,NYK_2025,0.622
2025,OKC,68.0,14.0,100.0,120.3,107.5,OKC_2025,0.829
2025,ORL,41.0,41.0,96.1,109.4,109.6,ORL_2025,0.5
2025,PHI,24.0,58.0,97.4,111.9,118.2,PHI_2025,0.293
2025,PHO,36.0,46.0,97.1,116.2,119.3,PHO_2025,0.439
2025,POR,36.0,46.0,98.8,111.7,114.7,POR_2025,0.439
2025,SAC,40.0,42.0,98.2,116.7,116.2,SAC_2025,0.488
2025,SAS,34.0,48.0,99.3,114.4,117.2,SAS_2025,0.415
2025,TOR,30.0,52.0,99.7,110.5,114.8,TOR_2025,0.366
2025,UTA,17.0,65.0,100.0,111.2,120.4,UTA_2025,0.207
2025,WAS,18.0,64.0,100.9,106.8,119.1,WAS_2025,0.22
2026,ATL,46.0,36.0,101.7,116.1,113.7,ATL_2026,0.561
2026,BOS,56.0,26.0,94.8,120.8,112.7,BOS_2026,0.683
2026,BRK,20.0,62.0,97.1,108.7,119.0,BRK_2026,0.244
2026,CHI,31.0,51.0,102.5,113.0,118.1,CHI_2026,0.378
2026,CHO,44.0,38.0,96.8,119.4,114.4,CHO_2026,0.537
2026,CLE,52.0,30.0,99.9,119.2,115.1,CLE_2026,0.634
2026,DAL,26.0,56.0,101.7,111.2,116.5,DAL_2026,0.317
2026,DEN,54.0,28.0,98.4,122.6,117.4,DEN_2026,0.659
2026,DET,60.0,22.0,99.3,117.9,109.7,DET_2026,0.732
2026,GSW,37.0,45.0,99.0,115.0,115.6,GSW_2026,0.451
2026,HOU,52.0,30.0,96.1,118.6,113.2,HOU_2026,0.634
2026,IND,19.0,63.0,101.0,110.9,118.8,IND_2026,0.232
2026,LAC,42.0,40.0,96.5,117.3,116.1,LAC_2026,0.512
2026,LAL,53.0,29.0,98.3,118.2,116.4,LAL_2026,0.646
2026,MEM,25.0,57.0,101.3,112.9,118.8,MEM_2026,0.305
2026,MIA,43.0,39.0,103.4,116.7,114.5,MIA_2026,0.524
2026,MIL,32.0,50.0,97.6,112.9,119.3,MIL_2026,0.39
2026,MIN,49.0,33.0,100.5,116.8,113.5,MIN_2026,0.598
2026,NOP,26.0,56.0,100.3,114.4,118.9,NOP_2026,0.317
2026,NYK,53.0,29.0,96.8,119.8,113.3,NYK_2026,0.646
2026,OKC,64.0,18.0,99.3,118.9,107.7,OKC_2026,0.78
2026,ORL,45.0,37.0,100.0,114.9,114.3,ORL_2026,0.549
2026,PHI,45.0,37.0,99.4,115.4,115.5,PHI_2026,0.549
2026,PHO,45.0,37.0,97.2,115.4,113.9,PHO_2026,0.549
2026,POR,42.0,40.0,100.5,114.4,114.7,POR_2026,0.512
2026,SAC,22.0,60.0,99.2,111.4,121.5,SAC_2026,0.268
2026,SAS,62.0,20.0,99.9,119.6,111.3,SAS_2026,0.756
2026,TOR,46.0,36.0,98.4,115.9,113.0,TOR_2026,0.561
2026,UTA,22.0,60.0,102.3,114.1,122.3,UTA_2026,0.268
2026,WAS,17.0,65.0,101.4,111.0,122.7,WAS_2026,0.207
