season,player_id,player,per,pred,target,resid,abs_resid,age_now,was_traded,age_group,miss_type
2022,achiupr01,Precious Achiuwa,12.7,13.755,15.2,1.445,1.445,24.0,0,<=24,Underestimated
2023,achiupr01,Precious Achiuwa,15.2,15.654,14.6,-1.054,1.054,24.0,0,<=24,Overestimated
2024,achiupr01,Precious Achiuwa,14.6,15.01,13.6,-1.41,1.41,24.0,1,<=24,Overestimated
2025,achiupr01,Precious Achiuwa,13.6,14.493,16.2,1.707,1.707,25.0,0,25-27,Underestimated
2022,adamsst01,Steven Adams,17.6,16.958,17.5,0.542,0.542,28.0,0,28-30,Underestimated
2022,adebaba01,Bam Adebayo,21.8,22.102,20.1,-2.002,2.002,24.0,0,<=24,Overestimated
2023,adebaba01,Bam Adebayo,20.1,20.997,19.8,-1.197,1.197,25.0,0,25-27,Overestimated
2024,adebaba01,Bam Adebayo,19.8,20.155,18.9,-1.255,1.255,26.0,0,25-27,Overestimated
2025,adebaba01,Bam Adebayo,18.9,18.96,18.7,-0.26,0.26,27.0,0,25-27,Overestimated
2023,agbajoc01,Ochai Agbaji,9.5,10.484,7.7,-2.784,2.784,24.0,0,<=24,Overestimated
2024,agbajoc01,Ochai Agbaji,7.7,9.157,12.0,2.843,2.843,24.0,1,<=24,Underestimated
2025,agbajoc01,Ochai Agbaji,12.0,11.087,8.9,-2.187,2.187,24.0,0,<=24,Overestimated
2023,aldamsa01,Santi Aldama,13.9,14.33,13.1,-1.23,1.23,24.0,0,<=24,Overestimated
2024,aldamsa01,Santi Aldama,13.1,13.755,16.8,3.045,3.045,24.0,0,<=24,Underestimated
2025,aldamsa01,Santi Aldama,16.8,15.691,16.3,0.609,0.609,24.0,0,<=24,Underestimated
2022,alexani01,Nickeil Alexander-Walker,10.5,12.189,11.6,-0.589,0.589,24.0,1,<=24,Overestimated
2024,alexani01,Nickeil Alexander-Walker,10.9,11.17,11.6,0.43,0.43,25.0,0,25-27,Underestimated
2025,alexani01,Nickeil Alexander-Walker,11.6,11.641,16.5,4.859,4.859,26.0,0,25-27,Underestimated
2022,allengr01,Grayson Allen,12.7,12.494,12.3,-0.194,0.194,26.0,0,25-27,Overestimated
2023,allengr01,Grayson Allen,12.3,12.597,13.8,1.203,1.203,27.0,0,25-27,Underestimated
2024,allengr01,Grayson Allen,13.8,12.975,13.7,0.725,0.725,28.0,0,28-30,Underestimated
2025,allengr01,Grayson Allen,13.7,12.884,16.1,3.216,3.216,29.0,0,28-30,Underestimated
2022,allenja01,Jarrett Allen,23.0,21.581,19.9,-1.681,1.681,24.0,0,<=24,Overestimated
2023,allenja01,Jarrett Allen,19.9,20.502,21.8,1.298,1.298,24.0,0,<=24,Underestimated
2024,allenja01,Jarrett Allen,21.8,21.197,22.1,0.903,0.903,25.0,0,25-27,Underestimated
2025,allenja01,Jarrett Allen,22.1,21.522,22.1,0.578,0.578,26.0,0,25-27,Underestimated
2023,alvarjo01,Jose Alvarado,11.8,13.11,12.5,-0.61,0.61,24.0,0,<=24,Overestimated
2024,alvarjo01,Jose Alvarado,12.5,12.943,13.4,0.457,0.457,25.0,0,25-27,Underestimated
2025,alvarjo01,Jose Alvarado,13.4,13.203,12.1,-1.103,1.103,26.0,0,25-27,Overestimated
2022,anderky01,Kyle Anderson,14.4,14.662,14.8,0.138,0.138,28.0,0,28-30,Underestimated
2023,anderky01,Kyle Anderson,14.8,14.109,12.7,-1.409,1.409,29.0,0,28-30,Overestimated
2024,anderky01,Kyle Anderson,12.7,12.611,15.1,2.489,2.489,30.0,0,28-30,Underestimated
2025,anderky01,Kyle Anderson,15.1,13.515,13.7,0.185,0.185,31.0,1,31-33,Underestimated
2022,antetgi01,Giannis Antetokounmpo,32.1,29.768,29.0,-0.768,0.768,27.0,0,25-27,Overestimated
2023,antetgi01,Giannis Antetokounmpo,29.0,28.657,29.9,1.243,1.243,28.0,0,28-30,Underestimated
2024,antetgi01,Giannis Antetokounmpo,29.9,28.464,30.5,2.036,2.036,29.0,0,28-30,Underestimated
2025,antetgi01,Giannis Antetokounmpo,30.5,28.677,32.6,3.923,3.923,30.0,0,28-30,Underestimated
2022,anthoco01,Cole Anthony,13.5,14.631,16.0,1.369,1.369,24.0,0,<=24,Underestimated
2023,anthoco01,Cole Anthony,16.0,16.5,14.6,-1.9,1.9,24.0,0,<=24,Overestimated
2024,anthoco01,Cole Anthony,14.6,15.744,14.2,-1.544,1.544,24.0,0,<=24,Overestimated
2025,anthoco01,Cole Anthony,14.2,15.323,10.7,-4.623,4.623,24.0,0,<=24,Overestimated
2022,anunoog01,OG Anunoby,14.8,15.087,14.6,-0.487,0.487,24.0,0,<=24,Overestimated
2023,anunoog01,OG Anunoby,14.6,14.961,12.8,-2.161,2.161,25.0,0,25-27,Overestimated
2024,anunoog01,OG Anunoby,12.8,13.095,15.4,2.305,2.305,26.0,1,25-27,Underestimated
2025,anunoog01,OG Anunoby,15.4,14.484,15.8,1.316,1.316,27.0,0,25-27,Underestimated
2022,avdijde01,Deni Avdija,11.6,12.843,11.2,-1.643,1.643,24.0,0,<=24,Overestimated
2023,avdijde01,Deni Avdija,11.2,12.999,14.9,1.901,1.901,24.0,0,<=24,Underestimated
2024,avdijde01,Deni Avdija,14.9,14.789,17.7,2.911,2.911,24.0,0,<=24,Underestimated
2025,avdijde01,Deni Avdija,17.7,16.76,20.3,3.54,3.54,24.0,0,<=24,Underestimated
2022,aytonde01,Deandre Ayton,21.9,21.756,19.9,-1.856,1.856,24.0,0,<=24,Overestimated
2023,aytonde01,Deandre Ayton,19.9,20.691,18.9,-1.791,1.791,24.0,0,<=24,Overestimated
2024,aytonde01,Deandre Ayton,18.9,18.96,17.7,-1.26,1.26,25.0,0,25-27,Overestimated
2025,aytonde01,Deandre Ayton,17.7,17.922,18.2,0.278,0.278,26.0,0,25-27,Underestimated
2022,baglema01,Marvin Bagley III,15.7,16.84,17.2,0.36,0.36,24.0,1,<=24,Underestimated
2022,ballla01,LaMelo Ball,19.7,21.325,17.9,-3.425,3.425,24.0,0,<=24,Overestimated
2023,ballla01,LaMelo Ball,17.9,19.24,20.8,1.56,1.56,24.0,0,<=24,Underestimated
2025,ballla01,LaMelo Ball,19.1,19.009,19.7,0.691,0.691,24.0,0,<=24,Underestimated
2022,bambamo01,Mo Bamba,16.5,16.843,15.7,-1.143,1.143,24.0,0,<=24,Overestimated
2023,banchpa01,Paolo Banchero,14.9,17.691,17.3,-0.391,0.391,24.0,0,<=24,Overestimated
2024,banchpa01,Paolo Banchero,17.3,18.974,20.0,1.026,1.026,24.0,0,<=24,Underestimated
2025,banchpa01,Paolo Banchero,20.0,19.986,17.6,-2.386,2.386,24.0,0,<=24,Overestimated
2022,banede01,Desmond Bane,17.6,17.041,19.1,2.059,2.059,24.0,0,<=24,Underestimated
2023,banede01,Desmond Bane,19.1,18.751,18.5,-0.251,0.251,24.0,0,<=24,Overestimated
2024,banede01,Desmond Bane,18.5,17.696,17.9,0.204,0.204,25.0,0,25-27,Underestimated
2025,banede01,Desmond Bane,17.9,18.11,16.9,-1.21,1.21,26.0,0,25-27,Overestimated
2024,bantoda01,Dalano Banton,13.3,14.202,12.9,-1.302,1.302,24.0,1,<=24,Overestimated
2022,barneha02,Harrison Barnes,15.7,14.182,14.1,-0.082,0.082,29.0,0,28-30,Overestimated
2023,barneha02,Harrison Barnes,14.1,13.746,11.9,-1.846,1.846,30.0,0,28-30,Overestimated
2024,barneha02,Harrison Barnes,11.9,11.754,14.9,3.146,3.146,31.0,0,31-33,Underestimated
2025,barneha02,Harrison Barnes,14.9,12.217,11.8,-0.417,0.417,32.0,0,31-33,Overestimated
2022,barnesc01,Scottie Barnes,16.3,18.234,15.5,-2.734,2.734,24.0,0,<=24,Overestimated
2023,barnesc01,Scottie Barnes,15.5,17.908,19.5,1.592,1.592,24.0,0,<=24,Underestimated
2024,barnesc01,Scottie Barnes,19.5,19.246,17.8,-1.446,1.446,24.0,0,<=24,Overestimated
2025,barnesc01,Scottie Barnes,17.8,18.65,19.2,0.55,0.55,24.0,0,<=24,Underestimated
2022,barrerj01,RJ Barrett,13.7,15.276,12.9,-2.376,2.376,24.0,0,<=24,Overestimated
2023,barrerj01,RJ Barrett,12.9,14.838,16.4,1.562,1.562,24.0,0,<=24,Underestimated
2024,barrerj01,RJ Barrett,16.4,15.978,16.5,0.522,0.522,24.0,1,<=24,Underestimated
2025,barrerj01,RJ Barrett,16.5,16.235,17.0,0.765,0.765,24.0,0,<=24,Underestimated
2022,bartowi01,Will Barton,13.4,12.405,10.0,-2.405,2.405,31.0,0,31-33,Overestimated
2023,bateske01,Keita Bates-Diop,14.9,13.434,11.5,-1.934,1.934,27.0,0,25-27,Overestimated
2025,battlja01,Jamison Battle,10.7,11.004,10.6,-0.404,0.404,24.0,0,<=24,Overestimated
2022,batumni01,Nicolas Batum,13.5,11.262,11.0,-0.262,0.262,33.0,0,31-33,Overestimated
2023,batumni01,Nicolas Batum,11.0,10.215,10.2,-0.015,0.015,34.0,0,34+,Overestimated
2024,batumni01,Nicolas Batum,10.2,9.304,10.3,0.996,0.996,35.0,1,34+,Underestimated
2025,batumni01,Nicolas Batum,10.3,8.7,8.4,-0.3,0.3,36.0,0,34+,Overestimated
2022,bazleda01,Darius Bazley,12.6,13.432,13.1,-0.332,0.332,24.0,0,<=24,Overestimated
2022,bealbr01,Bradley Beal,17.5,18.398,19.7,1.302,1.302,28.0,0,28-30,Underestimated
2023,bealbr01,Bradley Beal,19.7,17.959,16.3,-1.659,1.659,29.0,0,28-30,Overestimated
2024,bealbr01,Bradley Beal,16.3,16.154,15.2,-0.954,0.954,30.0,0,28-30,Overestimated
2022,beaslma01,Malik Beasley,11.9,12.439,10.9,-1.539,1.539,25.0,0,25-27,Overestimated
2023,beaslma01,Malik Beasley,10.9,11.552,10.3,-1.252,1.252,26.0,1,25-27,Overestimated
2024,beaslma01,Malik Beasley,10.3,10.698,14.4,3.702,3.702,27.0,0,25-27,Underestimated
2022,beverpa01,Patrick Beverley,14.8,12.99,8.9,-4.09,4.09,33.0,0,31-33,Overestimated
2023,beverpa01,Patrick Beverley,8.9,9.258,11.6,2.342,2.342,34.0,1,34+,Underestimated
2022,beysa01,Saddiq Bey,14.0,14.66,14.6,-0.06,0.06,24.0,0,<=24,Overestimated
2023,beysa01,Saddiq Bey,14.6,15.132,13.1,-2.032,2.032,24.0,1,<=24,Overestimated
2025,bitadgo01,Goga Bitadze,19.2,17.943,20.1,2.157,2.157,25.0,0,25-27,Underestimated
2024,blackan01,Anthony Black,8.4,10.929,11.6,0.671,0.671,24.0,0,<=24,Underestimated
2025,blackan01,Anthony Black,11.6,12.958,13.7,0.742,0.742,24.0,0,<=24,Underestimated
2022,bogdabo01,Bogdan Bogdanović,15.4,14.827,14.2,-0.627,0.627,29.0,0,28-30,Overestimated
2023,bogdabo01,Bogdan Bogdanović,14.2,14.06,14.7,0.64,0.64,30.0,0,28-30,Underestimated
2024,bogdabo01,Bogdan Bogdanović,14.7,13.517,11.1,-2.417,2.417,31.0,0,31-33,Overestimated
2022,bogdabo02,Bojan Bogdanović,15.7,14.182,17.4,3.218,3.218,32.0,0,31-33,Underestimated
2023,bogdabo02,Bojan Bogdanović,17.4,14.453,12.6,-1.853,1.853,33.0,0,31-33,Overestimated
2022,bookede01,Devin Booker,21.3,20.796,22.0,1.204,1.204,25.0,0,25-27,Underestimated
2023,bookede01,Devin Booker,22.0,20.742,21.9,1.158,1.158,26.0,0,25-27,Underestimated
2024,bookede01,Devin Booker,21.9,21.154,19.3,-1.854,1.854,27.0,0,25-27,Overestimated
2025,bookede01,Devin Booker,19.3,19.434,20.4,0.966,0.966,28.0,0,28-30,Underestimated
2022,bouchch01,Chris Boucher,17.9,16.717,18.0,1.283,1.283,29.0,0,28-30,Underestimated
2023,bouchch01,Chris Boucher,18.0,16.716,16.0,-0.716,0.716,30.0,0,28-30,Overestimated
2023,branhma01,Malaki Branham,9.5,12.493,8.7,-3.793,3.793,24.0,0,<=24,Overestimated
2023,braunch01,Christian Braun,10.3,12.135,12.1,-0.035,0.035,24.0,0,<=24,Overestimated
2024,braunch01,Christian Braun,12.1,13.136,16.0,2.864,2.864,24.0,0,<=24,Underestimated
2025,braunch01,Christian Braun,16.0,15.799,12.6,-3.199,3.199,24.0,0,<=24,Overestimated
2022,bridgmi01,Mikal Bridges,14.4,14.976,16.8,1.824,1.824,25.0,0,25-27,Underestimated
2023,bridgmi01,Mikal Bridges,16.8,16.296,14.9,-1.396,1.396,26.0,1,25-27,Overestimated
2024,bridgmi01,Mikal Bridges,14.9,15.265,14.0,-1.265,1.265,27.0,0,25-27,Overestimated
2025,bridgmi01,Mikal Bridges,14.0,14.339,15.3,0.961,0.961,28.0,0,28-30,Underestimated
2024,bridgmi02,Miles Bridges,15.4,15.855,17.7,1.845,1.845,25.0,0,25-27,Underestimated
2025,bridgmi02,Miles Bridges,17.7,16.55,16.0,-0.55,0.55,26.0,0,25-27,Overestimated
2022,brissos01,Oshae Brissett,12.9,13.794,10.6,-3.194,3.194,24.0,0,<=24,Overestimated
2023,brissos01,Oshae Brissett,10.6,12.753,12.8,0.047,0.047,24.0,0,<=24,Underestimated
2022,brogdma01,Malcolm Brogdon,18.0,16.956,18.2,1.244,1.244,29.0,0,28-30,Underestimated
2023,brogdma01,Malcolm Brogdon,18.2,17.301,17.0,-0.301,0.301,30.0,0,28-30,Overestimated
2024,brogdma01,Malcolm Brogdon,17.0,15.856,15.8,-0.056,0.056,31.0,0,31-33,Overestimated
2023,brookdi01,Dillon Brooks,9.4,11.341,9.4,-1.941,1.941,27.0,0,25-27,Overestimated
2024,brookdi01,Dillon Brooks,9.4,9.634,11.0,1.366,1.366,28.0,0,28-30,Underestimated
2025,brookdi01,Dillon Brooks,11.0,9.946,14.1,4.154,4.154,29.0,0,28-30,Underestimated
2022,brownbr01,Bruce Brown,15.0,14.563,13.3,-1.263,1.263,25.0,0,25-27,Overestimated
2023,brownbr01,Bruce Brown,13.3,13.992,11.6,-2.392,2.392,26.0,0,25-27,Overestimated
2024,brownbr01,Bruce Brown,11.6,12.65,10.9,-1.75,1.75,27.0,1,25-27,Overestimated
2022,brownja02,Jaylen Brown,18.9,18.421,19.1,0.679,0.679,25.0,0,25-27,Underestimated
2023,brownja02,Jaylen Brown,19.1,19.148,18.6,-0.548,0.548,26.0,0,25-27,Overestimated
2024,brownja02,Jaylen Brown,18.6,18.517,17.8,-0.717,0.717,27.0,0,25-27,Overestimated
2025,brownja02,Jaylen Brown,17.8,18.113,22.0,3.887,3.887,28.0,0,28-30,Underestimated
2022,browntr01,Troy Brown Jr.,10.1,11.579,9.6,-1.979,1.979,24.0,0,<=24,Overestimated
2023,browntr01,Troy Brown Jr.,9.6,10.829,8.8,-2.029,2.029,24.0,0,<=24,Overestimated
2022,brunsja01,Jalen Brunson,17.1,16.755,21.2,4.445,4.445,25.0,0,25-27,Underestimated
2023,brunsja01,Jalen Brunson,21.2,19.261,23.4,4.139,4.139,26.0,0,25-27,Underestimated
2024,brunsja01,Jalen Brunson,23.4,21.315,21.6,0.285,0.285,27.0,0,25-27,Underestimated
2025,brunsja01,Jalen Brunson,21.6,21.076,20.1,-0.976,0.976,28.0,0,28-30,Overestimated
2022,bullore01,Reggie Bullock,9.2,9.024,7.7,-1.324,1.324,30.0,0,28-30,Overestimated
2022,burksal01,Alec Burks,13.7,13.011,16.5,3.489,3.489,30.0,0,28-30,Underestimated
2023,burksal01,Alec Burks,16.5,13.846,12.9,-0.946,0.946,31.0,0,31-33,Overestimated
2024,burksal01,Alec Burks,12.9,12.634,12.8,0.166,0.166,32.0,1,31-33,Underestimated
2022,butleji01,Jimmy Butler,23.6,21.486,27.6,6.114,6.114,32.0,0,31-33,Underestimated
2023,butleji01,Jimmy Butler,27.6,23.07,22.0,-1.07,1.07,33.0,0,31-33,Overestimated
2024,butleji01,Jimmy Butler,22.0,20.315,22.4,2.085,2.085,34.0,0,34+,Underestimated
2025,butleji01,Jimmy Butler,22.4,19.763,23.5,3.737,3.737,35.0,1,34+,Underestimated
2025,buzelma01,Matas Buzelis,12.5,14.375,14.8,0.425,0.425,24.0,0,<=24,Underestimated
2022,caldwke01,Kentavious Caldwell-Pope,12.6,11.524,11.5,-0.024,0.024,28.0,0,28-30,Overestimated
2023,caldwke01,Kentavious Caldwell-Pope,11.5,11.225,10.7,-0.525,0.525,29.0,0,28-30,Overestimated
2024,caldwke01,Kentavious Caldwell-Pope,10.7,10.65,9.9,-0.75,0.75,30.0,0,28-30,Overestimated
2025,caldwke01,Kentavious Caldwell-Pope,9.9,9.251,11.0,1.749,1.749,31.0,0,31-33,Underestimated
2024,camarto01,Toumani Camara,10.6,11.538,12.5,0.962,0.962,24.0,0,<=24,Underestimated
2025,camarto01,Toumani Camara,12.5,12.499,11.3,-1.199,1.199,24.0,0,<=24,Overestimated
2022,capelca01,Clint Capela,21.4,20.802,22.1,1.298,1.298,27.0,0,25-27,Underestimated
2023,capelca01,Clint Capela,22.1,20.431,20.7,0.269,0.269,28.0,0,28-30,Underestimated
2024,capelca01,Clint Capela,20.7,19.846,17.7,-2.146,2.146,29.0,0,28-30,Overestimated
2025,capelca01,Clint Capela,17.7,18.134,17.9,-0.234,0.234,30.0,0,28-30,Overestimated
2025,carrica01,Bub Carrington,9.0,11.79,9.9,-1.89,1.89,24.0,0,<=24,Overestimated
2023,carteje01,Jevon Carter,10.9,11.307,8.5,-2.807,2.807,27.0,0,25-27,Overestimated
2022,cartewe01,Wendell Carter Jr.,18.4,18.574,17.3,-1.274,1.274,24.0,0,<=24,Overestimated
2023,cartewe01,Wendell Carter Jr.,17.3,17.629,15.9,-1.729,1.729,24.0,0,<=24,Overestimated
2024,cartewe01,Wendell Carter Jr.,15.9,16.556,13.7,-2.856,2.856,24.0,0,<=24,Overestimated
2025,cartewe01,Wendell Carter Jr.,13.7,15.15,14.1,-1.05,1.05,25.0,0,25-27,Overestimated
2022,carusal01,Alex Caruso,11.7,11.975,11.5,-0.475,0.475,27.0,0,25-27,Overestimated
2023,carusal01,Alex Caruso,11.5,10.978,14.5,3.522,3.522,28.0,0,28-30,Underestimated
2024,carusal01,Alex Caruso,14.5,12.53,15.9,3.37,3.37,29.0,0,28-30,Underestimated
2025,carusal01,Alex Caruso,15.9,14.308,12.8,-1.508,1.508,30.0,0,28-30,Overestimated
2025,castlst01,Stephon Castle,13.7,16.521,17.4,0.879,0.879,24.0,0,<=24,Underestimated
2025,champju01,Justin Champagnie,15.7,14.965,17.3,2.335,2.335,24.0,0,<=24,Underestimated
2024,champju02,Julian Champagnie,10.6,11.126,12.2,1.074,1.074,24.0,0,<=24,Underestimated
2025,champju02,Julian Champagnie,12.2,13.127,13.1,-0.027,0.027,24.0,0,<=24,Overestimated
2022,chrisjo01,Josh Christopher,12.2,13.936,11.5,-2.436,2.436,24.0,0,<=24,Overestimated
2025,chrisma02,Max Christie,10.4,12.055,11.0,-1.055,1.055,24.0,1,<=24,Overestimated
2022,clarkbr01,Brandon Clarke,23.7,21.054,20.0,-1.054,1.054,25.0,0,25-27,Overestimated
2022,clarkjo01,Jordan Clarkson,14.9,14.913,14.7,-0.213,0.213,29.0,0,28-30,Overestimated
2023,clarkjo01,Jordan Clarkson,14.7,14.247,12.7,-1.547,1.547,30.0,0,28-30,Overestimated
2024,clarkjo01,Jordan Clarkson,12.7,13.11,14.5,1.39,1.39,31.0,0,31-33,Underestimated
2023,claxtni01,Nic Claxton,20.8,20.281,18.7,-1.581,1.581,24.0,0,<=24,Overestimated
2024,claxtni01,Nic Claxton,18.7,19.133,16.5,-2.633,2.633,24.0,0,<=24,Overestimated
2025,claxtni01,Nic Claxton,16.5,17.253,17.6,0.347,0.347,25.0,0,25-27,Underestimated
2025,clingdo01,Donovan Clingan,17.4,18.661,20.9,2.239,2.239,24.0,0,<=24,Underestimated
2025,clownno01,Noah Clowney,9.2,11.236,11.2,-0.036,0.036,24.0,0,<=24,Overestimated
2022,coffeam01,Amir Coffey,13.0,12.797,7.0,-5.797,5.797,24.0,0,<=24,Overestimated
2024,coffeam01,Amir Coffey,10.0,10.226,11.2,0.974,0.974,26.0,0,25-27,Underestimated
2025,colliis01,Isaiah Collier,9.7,13.162,14.8,1.638,1.638,24.0,0,<=24,Underestimated
2022,collijo01,John Collins,18.7,19.695,13.6,-6.095,6.095,24.0,0,<=24,Overestimated
2023,collijo01,John Collins,13.6,15.889,17.5,1.611,1.611,25.0,0,25-27,Underestimated
2024,collijo01,John Collins,17.5,16.87,19.0,2.13,2.13,26.0,0,25-27,Underestimated
2025,collijo01,John Collins,19.0,17.52,16.3,-1.22,1.22,27.0,0,25-27,Overestimated
2023,colliza01,Zach Collins,16.4,15.91,14.3,-1.61,1.61,25.0,0,25-27,Overestimated
2024,colliza01,Zach Collins,14.3,14.726,16.0,1.274,1.274,26.0,0,25-27,Underestimated
2022,conlemi01,Mike Conley,17.2,15.042,14.7,-0.342,0.342,34.0,0,34+,Overestimated
2023,conlemi01,Mike Conley,14.7,13.182,15.8,2.618,2.618,35.0,1,34+,Underestimated
2024,conlemi01,Mike Conley,15.8,13.185,13.3,0.115,0.115,36.0,0,34+,Underestimated
2025,conlemi01,Mike Conley,13.3,12.078,9.4,-2.678,2.678,37.0,0,34+,Overestimated
2022,connapa01,Pat Connaughton,13.4,11.65,10.0,-1.65,1.65,29.0,0,28-30,Overestimated
2023,connapa01,Pat Connaughton,10.0,10.766,9.6,-1.166,1.166,30.0,0,28-30,Overestimated
2024,connapa01,Pat Connaughton,9.6,9.973,12.1,2.127,2.127,31.0,0,31-33,Underestimated
2024,coulibi01,Bilal Coulibaly,8.9,10.758,10.8,0.042,0.042,24.0,0,<=24,Underestimated
2025,coulibi01,Bilal Coulibaly,10.8,12.101,13.5,1.399,1.399,24.0,0,<=24,Underestimated
2022,covinro01,Robert Covington,12.4,11.475,14.2,2.725,2.725,31.0,1,31-33,Underestimated
2022,craigto01,Torrey Craig,11.0,10.683,11.6,0.917,0.917,31.0,1,31-33,Underestimated
2023,craigto01,Torrey Craig,11.6,10.809,10.8,-0.009,0.009,32.0,0,31-33,Overestimated
2024,cunnica01,Cade Cunningham,17.1,17.163,20.6,3.437,3.437,24.0,0,<=24,Underestimated
2025,cunnica01,Cade Cunningham,20.6,20.392,21.6,1.208,1.208,24.0,0,<=24,Underestimated
2022,curryse01,Seth Curry,13.7,12.167,12.3,0.133,0.133,31.0,1,31-33,Underestimated
2023,curryse01,Seth Curry,12.3,11.698,9.9,-1.798,1.798,32.0,0,31-33,Overestimated
2022,curryst01,Stephen Curry,21.4,19.987,24.1,4.113,4.113,33.0,0,31-33,Underestimated
2023,curryst01,Stephen Curry,24.1,21.202,20.6,-0.602,0.602,34.0,0,34+,Overestimated
2024,curryst01,Stephen Curry,20.6,18.805,21.5,2.695,2.695,35.0,0,34+,Underestimated
2025,curryst01,Stephen Curry,21.5,19.096,22.6,3.504,3.504,36.0,0,34+,Underestimated
2023,daniedy01,Dyson Daniels,8.8,11.424,12.0,0.576,0.576,24.0,0,<=24,Underestimated
2024,daniedy01,Dyson Daniels,12.0,13.412,15.6,2.188,2.188,24.0,0,<=24,Underestimated
2025,daniedy01,Dyson Daniels,15.6,15.97,15.5,-0.47,0.47,24.0,0,<=24,Overestimated
2025,dasiltr01,Tristan Da Silva,9.9,11.024,12.0,0.976,0.976,24.0,0,<=24,Underestimated
2022,davisan02,Anthony Davis,23.9,22.732,27.8,5.068,5.068,28.0,0,28-30,Underestimated
2023,davisan02,Anthony Davis,27.8,24.641,25.8,1.159,1.159,29.0,0,28-30,Underestimated
2024,davisan02,Anthony Davis,25.8,24.418,26.3,1.882,1.882,30.0,0,28-30,Underestimated
2025,davisan02,Anthony Davis,26.3,24.342,21.5,-2.842,2.842,31.0,1,31-33,Overestimated
2022,derozde01,DeMar DeRozan,23.1,20.77,20.6,-0.17,0.17,32.0,0,31-33,Overestimated
2023,derozde01,DeMar DeRozan,20.6,19.03,19.7,0.67,0.67,33.0,0,31-33,Underestimated
2024,derozde01,DeMar DeRozan,19.7,17.925,17.7,-0.225,0.225,34.0,0,34+,Overestimated
2025,derozde01,DeMar DeRozan,17.7,16.232,17.8,1.568,1.568,35.0,0,34+,Underestimated
2025,diabamo01,Moussa Diabaté,16.5,17.567,17.2,-0.367,0.367,24.0,0,<=24,Overestimated
2022,diallha01,Hamidou Diallo,15.7,15.197,15.7,0.503,0.503,24.0,0,<=24,Underestimated
2024,dickgr01,Gradey Dick,8.9,10.348,10.9,0.552,0.552,24.0,0,<=24,Underestimated
2025,dickgr01,Gradey Dick,10.9,11.488,10.7,-0.788,0.788,24.0,0,<=24,Overestimated
2022,dinwisp01,Spencer Dinwiddie,15.1,13.525,16.0,2.475,2.475,28.0,1,28-30,Underestimated
2023,dinwisp01,Spencer Dinwiddie,16.0,14.621,11.7,-2.921,2.921,29.0,1,28-30,Overestimated
2024,dinwisp01,Spencer Dinwiddie,11.7,12.423,13.0,0.577,0.577,30.0,1,28-30,Underestimated
2022,divindo01,Donte DiVincenzo,11.3,12.788,12.8,0.012,0.012,25.0,1,25-27,Underestimated
2023,divindo01,Donte DiVincenzo,12.8,12.773,16.0,3.227,3.227,26.0,0,25-27,Underestimated
2024,divindo01,Donte DiVincenzo,16.0,13.998,14.1,0.102,0.102,27.0,0,25-27,Underestimated
2025,divindo01,Donte DiVincenzo,14.1,13.95,12.5,-1.45,1.45,28.0,0,28-30,Overestimated
2022,doncilu01,Luka Dončić,25.1,26.497,28.7,2.203,2.203,24.0,0,<=24,Underestimated
2023,doncilu01,Luka Dončić,28.7,28.333,28.1,-0.233,0.233,24.0,0,<=24,Overestimated
2024,doncilu01,Luka Dončić,28.1,28.478,24.1,-4.378,4.378,24.0,0,<=24,Overestimated
2025,doncilu01,Luka Dončić,24.1,25.476,27.9,2.424,2.424,25.0,1,25-27,Underestimated
2022,dortlu01,Luguentz Dort,12.3,12.796,11.3,-1.496,1.496,24.0,0,<=24,Overestimated
2023,dortlu01,Luguentz Dort,11.3,12.949,11.1,-1.849,1.849,24.0,0,<=24,Overestimated
2024,dortlu01,Luguentz Dort,11.1,12.29,11.3,-0.99,0.99,24.0,0,<=24,Overestimated
2025,dortlu01,Luguentz Dort,11.3,11.371,8.3,-3.071,3.071,25.0,0,25-27,Overestimated
2022,dosunay01,Ayo Dosunmu,11.2,12.941,10.2,-2.741,2.741,24.0,0,<=24,Overestimated
2023,dosunay01,Ayo Dosunmu,10.2,11.513,13.4,1.887,1.887,24.0,0,<=24,Underestimated
2024,dosunay01,Ayo Dosunmu,13.4,13.271,12.8,-0.471,0.471,24.0,0,<=24,Overestimated
2025,dosunay01,Ayo Dosunmu,12.8,13.138,16.5,3.362,3.362,25.0,0,25-27,Underestimated
2022,drumman01,Andre Drummond,21.0,20.152,20.8,0.648,0.648,28.0,1,28-30,Underestimated
2024,drumman01,Andre Drummond,23.0,20.96,16.0,-4.96,4.96,30.0,0,28-30,Overestimated
2022,duartch01,Chris Duarte,12.3,12.602,8.6,-4.002,4.002,24.0,0,<=24,Overestimated
2024,dunnkr01,Kris Dunn,12.8,13.342,11.3,-2.042,2.042,29.0,0,28-30,Overestimated
2025,dunnkr01,Kris Dunn,11.3,11.295,11.3,0.005,0.005,30.0,0,28-30,Underestimated
2025,dunnry01,Ryan Dunn,10.7,12.246,11.7,-0.546,0.546,24.0,0,<=24,Overestimated
2022,duranke01,Kevin Durant,25.6,23.343,25.9,2.557,2.557,33.0,0,31-33,Underestimated
2023,duranke01,Kevin Durant,25.9,22.773,21.2,-1.573,1.573,34.0,1,34+,Overestimated
2024,duranke01,Kevin Durant,21.2,20.196,21.2,1.004,1.004,35.0,0,34+,Underestimated
2025,duranke01,Kevin Durant,21.2,19.513,21.1,1.587,1.587,36.0,0,34+,Underestimated
2023,durenja01,Jalen Duren,17.3,18.056,18.7,0.644,0.644,24.0,0,<=24,Underestimated
2024,durenja01,Jalen Duren,18.7,19.002,21.4,2.398,2.398,24.0,0,<=24,Underestimated
2025,durenja01,Jalen Duren,21.4,21.821,26.1,4.279,4.279,24.0,0,<=24,Underestimated
2025,easonta01,Tari Eason,18.5,17.803,12.9,-4.903,4.903,24.0,0,<=24,Overestimated
2022,edwaran01,Anthony Edwards,16.5,17.59,17.4,-0.19,0.19,24.0,0,<=24,Overestimated
2023,edwaran01,Anthony Edwards,17.4,18.951,19.7,0.749,0.749,24.0,0,<=24,Underestimated
2024,edwaran01,Anthony Edwards,19.7,20.417,20.1,-0.317,0.317,24.0,0,<=24,Overestimated
2025,edwaran01,Anthony Edwards,20.1,20.933,21.8,0.867,0.867,24.0,0,<=24,Underestimated
2025,edwarju01,Justin Edwards,11.3,12.138,12.1,-0.038,0.038,24.0,0,<=24,Overestimated
2025,elliske01,Keon Ellis,13.5,12.708,10.8,-1.908,1.908,25.0,0,25-27,Overestimated
2022,embiijo01,Joel Embiid,31.2,28.98,31.4,2.42,2.42,27.0,0,25-27,Underestimated
2023,embiijo01,Joel Embiid,31.4,29.521,34.1,4.579,4.579,28.0,0,28-30,Underestimated
2024,embiijo01,Joel Embiid,34.1,31.075,23.4,-7.675,7.675,29.0,0,28-30,Overestimated
2022,eubandr01,Drew Eubanks,18.0,18.462,16.2,-2.262,2.262,24.0,1,<=24,Overestimated
2023,eubandr01,Drew Eubanks,16.2,16.31,14.4,-1.91,1.91,25.0,0,25-27,Overestimated
2024,eubandr01,Drew Eubanks,14.4,15.246,15.6,0.354,0.354,26.0,0,25-27,Underestimated
2025,filipky01,Kyle Filipowski,14.9,15.588,16.0,0.412,0.412,24.0,0,<=24,Underestimated
2022,finnedo01,Dorian Finney-Smith,12.5,11.449,9.2,-2.249,2.249,28.0,0,28-30,Overestimated
2023,finnedo01,Dorian Finney-Smith,9.2,9.942,10.1,0.158,0.158,29.0,1,28-30,Underestimated
2024,finnedo01,Dorian Finney-Smith,10.1,9.607,10.1,0.493,0.493,30.0,0,28-30,Underestimated
2025,finnedo01,Dorian Finney-Smith,10.1,8.936,5.8,-3.136,3.136,31.0,1,31-33,Overestimated
2024,fontesi01,Simone Fontecchio,12.1,10.429,9.7,-0.729,0.729,28.0,1,28-30,Overestimated
2025,fontesi01,Simone Fontecchio,9.7,10.181,13.8,3.619,3.619,29.0,0,28-30,Underestimated
2022,foxde01,De'Aaron Fox,17.4,18.704,21.8,3.096,3.096,24.0,0,<=24,Underestimated
2023,foxde01,De'Aaron Fox,21.8,20.697,20.1,-0.597,0.597,25.0,0,25-27,Overestimated
2024,foxde01,De'Aaron Fox,20.1,19.769,18.3,-1.469,1.469,26.0,0,25-27,Overestimated
2025,foxde01,De'Aaron Fox,18.3,18.573,17.6,-0.973,0.973,27.0,1,25-27,Overestimated
2023,fultzma01,Markelle Fultz,16.6,16.59,12.6,-3.99,3.99,24.0,0,<=24,Overestimated
2022,gaffoda01,Daniel Gafford,21.8,20.811,19.7,-1.111,1.111,24.0,0,<=24,Overestimated
2023,gaffoda01,Daniel Gafford,19.7,19.799,21.7,1.901,1.901,24.0,0,<=24,Underestimated
2024,gaffoda01,Daniel Gafford,21.7,20.358,24.7,4.342,4.342,25.0,1,25-27,Underestimated
2025,gaffoda01,Daniel Gafford,24.7,22.378,18.8,-3.578,3.578,26.0,0,25-27,Overestimated
2022,garlada01,Darius Garland,19.0,17.874,18.8,0.926,0.926,24.0,0,<=24,Underestimated
2023,garlada01,Darius Garland,18.8,18.764,14.5,-4.264,4.264,24.0,0,<=24,Overestimated
2024,garlada01,Darius Garland,14.5,16.697,19.9,3.203,3.203,24.0,0,<=24,Underestimated
2025,garlada01,Darius Garland,19.9,18.866,17.1,-1.766,1.766,25.0,0,25-27,Overestimated
2022,gayru01,Rudy Gay,13.0,12.931,9.0,-3.931,3.931,35.0,0,34+,Overestimated
2024,georgke01,Keyonte George,10.4,13.38,12.9,-0.48,0.48,24.0,0,<=24,Overestimated
2025,georgke01,Keyonte George,12.9,13.822,18.5,4.678,4.678,24.0,0,<=24,Underestimated
2025,georgky01,Kyshawn George,8.8,10.435,13.8,3.365,3.365,24.0,0,<=24,Underestimated
2022,georgpa01,Paul George,18.6,18.168,19.6,1.432,1.432,31.0,0,31-33,Underestimated
2023,georgpa01,Paul George,19.6,17.817,19.3,1.483,1.483,32.0,0,31-33,Underestimated
2024,georgpa01,Paul George,19.3,17.049,14.5,-2.549,2.549,33.0,0,31-33,Overestimated
2025,georgpa01,Paul George,14.5,14.774,16.7,1.926,1.926,34.0,0,34+,Underestimated
2022,giddejo01,Josh Giddey,13.3,15.726,17.1,1.374,1.374,24.0,0,<=24,Underestimated
2023,giddejo01,Josh Giddey,17.1,18.612,16.6,-2.012,2.012,24.0,0,<=24,Overestimated
2024,giddejo01,Josh Giddey,16.6,18.465,18.1,-0.365,0.365,24.0,0,<=24,Overestimated
2025,giddejo01,Josh Giddey,18.1,19.223,18.0,-1.223,1.223,24.0,0,<=24,Overestimated
2022,gilgesh01,Shai Gilgeous-Alexander,20.9,20.464,27.2,6.736,6.736,24.0,0,<=24,Underestimated
2023,gilgesh01,Shai Gilgeous-Alexander,27.2,24.743,29.3,4.557,4.557,24.0,0,<=24,Underestimated
2024,gilgesh01,Shai Gilgeous-Alexander,29.3,27.267,30.7,3.433,3.433,25.0,0,25-27,Underestimated
2025,gilgesh01,Shai Gilgeous-Alexander,30.7,28.964,30.8,1.836,1.836,26.0,0,25-27,Underestimated
2022,goberru01,Rudy Gobert,24.7,23.702,18.9,-4.802,4.802,29.0,0,28-30,Overestimated
2023,goberru01,Rudy Gobert,18.9,19.859,19.3,-0.559,0.559,30.0,0,28-30,Overestimated
2024,goberru01,Rudy Gobert,19.3,19.318,18.3,-1.018,1.018,31.0,0,31-33,Overestimated
2025,goberru01,Rudy Gobert,18.3,17.491,17.5,0.009,0.009,32.0,0,31-33,Underestimated
2023,goodwjo01,Jordan Goodwin,14.8,13.534,12.6,-0.934,0.934,24.0,0,<=24,Overestimated
2024,goodwjo01,Jordan Goodwin,12.6,12.673,12.1,-0.573,0.573,25.0,1,25-27,Overestimated
2022,gordoaa01,Aaron Gordon,15.3,14.961,19.5,4.539,4.539,26.0,0,25-27,Underestimated
2023,gordoaa01,Aaron Gordon,19.5,17.633,16.8,-0.833,0.833,27.0,0,25-27,Overestimated
2024,gordoaa01,Aaron Gordon,16.8,16.421,17.0,0.579,0.579,28.0,0,28-30,Underestimated
2025,gordoaa01,Aaron Gordon,17.0,15.917,18.5,2.583,2.583,29.0,0,28-30,Underestimated
2022,gordoer01,Eric Gordon,12.1,10.853,11.8,0.947,0.947,33.0,0,31-33,Underestimated
2023,gordoer01,Eric Gordon,11.8,10.682,10.8,0.118,0.118,34.0,1,34+,Underestimated
2024,gordoer01,Eric Gordon,10.8,10.092,10.8,0.708,0.708,35.0,0,34+,Underestimated
2022,grahade01,Devonte' Graham,12.1,13.052,12.5,-0.552,0.552,26.0,0,25-27,Overestimated
2022,grantje01,Jerami Grant,16.1,14.93,16.0,1.07,1.07,27.0,0,25-27,Underestimated
2023,grantje01,Jerami Grant,16.0,14.903,15.4,0.497,0.497,28.0,0,28-30,Underestimated
2024,grantje01,Jerami Grant,15.4,13.98,10.9,-3.08,3.08,29.0,0,28-30,Overestimated
2025,grantje01,Jerami Grant,10.9,11.901,15.4,3.499,3.499,30.0,0,28-30,Underestimated
2025,greenaj01,A.J. Green,9.2,10.589,9.4,-1.189,1.189,25.0,0,25-27,Overestimated
2022,greendr01,Draymond Green,14.3,14.074,12.2,-1.874,1.874,31.0,0,31-33,Overestimated
2023,greendr01,Draymond Green,12.2,12.175,14.5,2.325,2.325,32.0,0,31-33,Underestimated
2024,greendr01,Draymond Green,14.5,13.358,12.4,-0.958,0.958,33.0,0,31-33,Overestimated
2025,greendr01,Draymond Green,12.4,12.394,10.4,-1.994,1.994,34.0,0,34+,Overestimated
2022,greenja01,JaMychal Green,14.1,13.452,15.5,2.048,2.048,31.0,0,31-33,Underestimated
2025,greenja02,Javonte Green,10.7,12.105,14.1,1.995,1.995,31.0,1,31-33,Underestimated
2022,greenja05,Jalen Green,12.5,14.754,14.5,-0.254,0.254,24.0,0,<=24,Overestimated
2023,greenja05,Jalen Green,14.5,15.575,14.7,-0.875,0.875,24.0,0,<=24,Overestimated
2024,greenja05,Jalen Green,14.7,16.491,15.1,-1.391,1.391,24.0,0,<=24,Overestimated
2025,greenja05,Jalen Green,15.1,16.595,14.8,-1.795,1.795,24.0,0,<=24,Overestimated
2022,greenje02,Jeff Green,12.5,11.149,11.0,-0.149,0.149,35.0,0,34+,Overestimated
2023,greenje02,Jeff Green,11.0,11.234,11.3,0.066,0.066,36.0,0,34+,Underestimated
2022,greenjo02,Josh Green,11.9,12.836,11.2,-1.636,1.636,24.0,0,<=24,Overestimated
2023,greenjo02,Josh Green,11.2,12.433,9.9,-2.533,2.533,24.0,0,<=24,Overestimated
2024,greenjo02,Josh Green,9.9,11.682,7.8,-3.882,3.882,24.0,0,<=24,Overestimated
2025,greenjo02,Josh Green,7.8,9.659,9.7,0.041,0.041,24.0,0,<=24,Underestimated
2023,grimequ01,Quentin Grimes,11.7,12.332,8.9,-3.432,3.432,24.0,0,<=24,Overestimated
2024,grimequ01,Quentin Grimes,8.9,10.725,15.9,5.175,5.175,24.0,1,<=24,Underestimated
2025,grimequ01,Quentin Grimes,15.9,15.021,12.9,-2.121,2.121,24.0,1,<=24,Overestimated
2023,hachiru01,Rui Hachimura,13.2,13.984,15.0,1.016,1.016,24.0,1,<=24,Underestimated
2024,hachiru01,Rui Hachimura,15.0,14.653,13.6,-1.053,1.053,25.0,0,25-27,Overestimated
2025,hachiru01,Rui Hachimura,13.6,13.502,11.6,-1.902,1.902,26.0,0,25-27,Overestimated
2022,halibty01,Tyrese Haliburton,18.2,18.945,23.6,4.655,4.655,24.0,1,<=24,Underestimated
2023,halibty01,Tyrese Haliburton,23.6,21.894,23.3,1.406,1.406,24.0,0,<=24,Underestimated
2024,halibty01,Tyrese Haliburton,23.3,23.081,21.8,-1.281,1.281,24.0,0,<=24,Overestimated
2022,hamptrj01,R.J. Hampton,8.5,10.744,10.8,0.056,0.056,24.0,0,<=24,Underestimated
2022,hardati02,Tim Hardaway Jr.,12.7,12.938,12.1,-0.838,0.838,29.0,0,28-30,Overestimated
2023,hardati02,Tim Hardaway Jr.,12.1,11.728,12.1,0.372,0.372,30.0,0,28-30,Underestimated
2024,hardati02,Tim Hardaway Jr.,12.1,11.375,9.8,-1.575,1.575,31.0,0,31-33,Overestimated
2025,hardati02,Tim Hardaway Jr.,9.8,9.574,13.5,3.926,3.926,32.0,0,31-33,Underestimated
2022,hardeja01,James Harden,20.9,21.386,21.6,0.214,0.214,32.0,1,31-33,Underestimated
2023,hardeja01,James Harden,21.6,20.676,18.6,-2.076,2.076,33.0,0,31-33,Overestimated
2024,hardeja01,James Harden,18.6,18.345,20.0,1.655,1.655,34.0,0,34+,Underestimated
2025,hardeja01,James Harden,20.0,18.471,20.7,2.229,2.229,35.0,0,34+,Underestimated
2022,harremo01,Montrezl Harrell,23.2,20.714,17.6,-3.114,3.114,28.0,1,28-30,Overestimated
2022,harriga01,Gary Harris,10.9,10.043,10.5,0.457,0.457,27.0,0,25-27,Underestimated
2023,harriga01,Gary Harris,10.5,9.489,9.4,-0.089,0.089,28.0,0,28-30,Overestimated
2024,harriga01,Gary Harris,9.4,9.269,6.9,-2.369,2.369,29.0,0,28-30,Overestimated
2022,harrito02,Tobias Harris,15.9,16.111,14.8,-1.311,1.311,29.0,0,28-30,Overestimated
2023,harrito02,Tobias Harris,14.8,14.583,16.5,1.917,1.917,30.0,0,28-30,Underestimated
2024,harrito02,Tobias Harris,16.5,15.064,13.9,-1.164,1.164,31.0,0,31-33,Overestimated
2025,harrito02,Tobias Harris,13.9,13.437,15.0,1.563,1.563,32.0,0,31-33,Underestimated
2022,harteis01,Isaiah Hartenstein,22.0,20.241,14.2,-6.041,6.041,24.0,0,<=24,Overestimated
2023,harteis01,Isaiah Hartenstein,14.2,16.28,18.9,2.62,2.62,24.0,0,<=24,Underestimated
2024,harteis01,Isaiah Hartenstein,18.9,17.361,18.9,1.539,1.539,25.0,0,25-27,Underestimated
2025,harteis01,Isaiah Hartenstein,18.9,18.445,19.8,1.355,1.355,26.0,0,25-27,Underestimated
2022,hartjo01,Josh Hart,16.1,14.949,14.1,-0.849,0.849,26.0,1,25-27,Overestimated
2023,hartjo01,Josh Hart,14.1,14.031,11.8,-2.231,2.231,27.0,1,25-27,Overestimated
2024,hartjo01,Josh Hart,11.8,12.874,16.5,3.626,3.626,28.0,0,28-30,Underestimated
2025,hartjo01,Josh Hart,16.5,15.23,15.7,0.47,0.47,29.0,0,28-30,Underestimated
2023,hausesa01,Sam Hauser,12.7,11.61,13.0,1.39,1.39,25.0,0,25-27,Underestimated
2024,hausesa01,Sam Hauser,13.0,12.864,12.8,-0.064,0.064,26.0,0,25-27,Overestimated
2025,hausesa01,Sam Hauser,12.8,12.39,11.9,-0.49,0.49,27.0,0,25-27,Overestimated
2024,hawkijo01,Jordan Hawkins,10.2,12.15,9.6,-2.55,2.55,24.0,0,<=24,Overestimated
2025,hawkijo01,Jordan Hawkins,9.6,11.001,7.6,-3.401,3.401,24.0,0,<=24,Overestimated
2022,hayesja02,Jaxson Hayes,18.5,18.768,13.7,-5.068,5.068,24.0,0,<=24,Overestimated
2025,hayesja02,Jaxson Hayes,15.8,15.492,18.3,2.808,2.808,24.0,0,<=24,Underestimated
2022,hayeski01,Killian Hayes,9.3,11.767,10.2,-1.567,1.567,24.0,0,<=24,Overestimated
2023,hayeski01,Killian Hayes,10.2,12.245,10.5,-1.745,1.745,24.0,0,<=24,Overestimated
2022,haywago01,Gordon Hayward,15.1,14.879,13.5,-1.379,1.379,31.0,0,31-33,Overestimated
2023,haywago01,Gordon Hayward,13.5,13.303,12.8,-0.503,0.503,32.0,0,31-33,Overestimated
2024,hendesc01,Scoot Henderson,9.5,12.651,12.5,-0.151,0.151,24.0,0,<=24,Overestimated
2025,hendesc01,Scoot Henderson,12.5,13.512,12.9,-0.612,0.612,24.0,0,<=24,Overestimated
2022,herroty01,Tyler Herro,16.2,16.988,15.3,-1.688,1.688,24.0,0,<=24,Overestimated
2023,herroty01,Tyler Herro,15.3,16.428,15.7,-0.728,0.728,24.0,0,<=24,Overestimated
2024,herroty01,Tyler Herro,15.7,16.134,19.7,3.566,3.566,24.0,0,<=24,Underestimated
2025,herroty01,Tyler Herro,19.7,18.255,17.1,-1.155,1.155,25.0,0,25-27,Overestimated
2022,hieldbu01,Buddy Hield,12.9,12.662,15.4,2.738,2.738,29.0,1,28-30,Underestimated
2023,hieldbu01,Buddy Hield,15.4,13.66,13.3,-0.36,0.36,30.0,0,28-30,Overestimated
2024,hieldbu01,Buddy Hield,13.3,12.283,12.3,0.017,0.017,31.0,1,31-33,Underestimated
2025,hieldbu01,Buddy Hield,12.3,12.397,12.8,0.403,0.403,32.0,0,31-33,Underestimated
2024,highsha01,Haywood Highsmith,11.1,10.058,9.9,-0.158,0.158,27.0,0,25-27,Overestimated
2022,hillge01,George Hill,10.2,10.721,10.6,-0.121,0.121,35.0,0,34+,Overestimated
2022,holidaa01,Aaron Holiday,12.6,12.323,9.4,-2.923,2.923,25.0,1,25-27,Overestimated
2024,holidaa01,Aaron Holiday,11.5,10.927,12.2,1.273,1.273,27.0,0,25-27,Underestimated
2022,holidjr01,Jrue Holiday,19.8,18.197,19.2,1.003,1.003,31.0,0,31-33,Underestimated
2023,holidjr01,Jrue Holiday,19.2,18.087,14.4,-3.687,3.687,32.0,0,31-33,Overestimated
2024,holidjr01,Jrue Holiday,14.4,15.036,13.5,-1.536,1.536,33.0,0,31-33,Overestimated
2025,holidjr01,Jrue Holiday,13.5,13.192,16.4,3.208,3.208,34.0,0,34+,Underestimated
2022,holidju01,Justin Holiday,9.5,8.684,6.6,-2.084,2.084,32.0,1,31-33,Overestimated
2025,hollaro01,Ron Holland,11.1,13.211,11.7,-1.511,1.511,24.0,0,<=24,Overestimated
2024,holmgch01,Chet Holmgren,20.4,21.487,19.2,-2.287,2.287,24.0,0,<=24,Overestimated
2022,horfoal01,Al Horford,16.7,14.27,13.8,-0.47,0.47,35.0,0,34+,Overestimated
2023,horfoal01,Al Horford,13.8,12.187,15.0,2.813,2.813,36.0,0,34+,Underestimated
2024,horfoal01,Al Horford,15.0,12.59,12.9,0.31,0.31,37.0,0,34+,Underestimated
2025,horfoal01,Al Horford,12.9,11.984,14.7,2.716,2.716,38.0,0,34+,Underestimated
2022,hortota01,Talen Horton-Tucker,11.0,14.07,13.7,-0.37,0.37,24.0,0,<=24,Overestimated
2023,hortota01,Talen Horton-Tucker,13.7,14.939,13.4,-1.539,1.539,24.0,0,<=24,Overestimated
2024,hortota01,Talen Horton-Tucker,13.4,14.524,13.8,-0.724,0.724,24.0,0,<=24,Overestimated
2022,huertke01,Kevin Huerter,11.9,12.996,15.2,2.204,2.204,24.0,0,<=24,Underestimated
2023,huertke01,Kevin Huerter,15.2,14.471,12.4,-2.071,2.071,24.0,0,<=24,Overestimated
2024,huertke01,Kevin Huerter,12.4,13.106,11.3,-1.806,1.806,25.0,0,25-27,Overestimated
2025,huertke01,Kevin Huerter,11.3,12.033,13.2,1.167,1.167,26.0,1,25-27,Underestimated
2022,huntede01,De'Andre Hunter,10.6,12.502,11.5,-1.002,1.002,24.0,0,<=24,Overestimated
2023,huntede01,De'Andre Hunter,11.5,12.267,12.7,0.433,0.433,25.0,0,25-27,Underestimated
2024,huntede01,De'Andre Hunter,12.7,12.802,15.9,3.098,3.098,26.0,0,25-27,Underestimated
2025,huntede01,De'Andre Hunter,15.9,13.965,11.4,-2.565,2.565,27.0,1,25-27,Overestimated
2022,hylanbo01,Bones Hyland,14.4,15.749,14.9,-0.849,0.849,24.0,0,<=24,Overestimated
2023,hylanbo01,Bones Hyland,14.9,15.249,10.8,-4.449,4.449,24.0,1,<=24,Overestimated
2025,ighodos01,Oso Ighodaro,11.1,11.98,13.8,1.82,1.82,24.0,0,<=24,Underestimated
2022,inglejo01,Joe Ingles,10.0,11.059,10.7,-0.359,0.359,34.0,0,34+,Overestimated
2023,inglejo01,Joe Ingles,10.7,11.074,10.6,-0.474,0.474,35.0,0,34+,Overestimated
2022,ingrabr01,Brandon Ingram,18.7,18.704,19.2,0.496,0.496,24.0,0,<=24,Underestimated
2023,ingrabr01,Brandon Ingram,19.2,18.887,18.2,-0.687,0.687,25.0,0,25-27,Overestimated
2024,ingrabr01,Brandon Ingram,18.2,18.271,16.0,-2.271,2.271,26.0,0,25-27,Overestimated
2022,irvinky01,Kyrie Irving,21.4,20.575,22.4,1.825,1.825,29.0,0,28-30,Underestimated
2023,irvinky01,Kyrie Irving,22.4,20.217,21.9,1.683,1.683,30.0,1,28-30,Underestimated
2024,irvinky01,Kyrie Irving,21.9,19.888,19.9,0.012,0.012,31.0,0,31-33,Underestimated
2025,isaacjo01,Jonathan Isaac,16.6,16.273,11.5,-4.773,4.773,27.0,0,25-27,Overestimated
2023,iveyja01,Jaden Ivey,12.1,14.725,12.4,-2.325,2.325,24.0,0,<=24,Overestimated
2024,iveyja01,Jaden Ivey,12.4,13.455,14.7,1.245,1.245,24.0,0,<=24,Underestimated
2023,jacksis01,Isaiah Jackson,17.5,17.702,21.5,3.798,3.798,24.0,0,<=24,Underestimated
2022,jacksja02,Jaren Jackson Jr.,17.0,18.954,21.6,2.646,2.646,24.0,0,<=24,Underestimated
2023,jacksja02,Jaren Jackson Jr.,21.6,20.728,17.4,-3.328,3.328,24.0,0,<=24,Overestimated
2024,jacksja02,Jaren Jackson Jr.,17.4,17.842,19.6,1.758,1.758,24.0,0,<=24,Underestimated
2025,jacksja02,Jaren Jackson Jr.,19.6,19.165,15.7,-3.465,3.465,25.0,0,25-27,Overestimated
2022,jacksre01,Reggie Jackson,12.1,12.254,10.0,-2.254,2.254,31.0,0,31-33,Overestimated
2023,jacksre01,Reggie Jackson,10.0,10.643,11.7,1.057,1.057,32.0,1,31-33,Underestimated
2024,jackstr02,Trayce Jackson-Davis,21.6,19.767,18.5,-1.267,1.267,24.0,0,<=24,Overestimated
2022,jamesle01,LeBron James,26.2,22.256,23.9,1.644,1.644,37.0,0,34+,Underestimated
2023,jamesle01,LeBron James,23.9,21.388,23.7,2.312,2.312,38.0,0,34+,Underestimated
2024,jamesle01,LeBron James,23.7,21.021,22.7,1.679,1.679,39.0,0,34+,Underestimated
2025,jamesle01,LeBron James,22.7,20.272,20.8,0.528,0.528,40.0,0,34+,Underestimated
2024,jaqueja01,Jaime Jaquez Jr.,12.9,14.456,14.3,-0.156,0.156,24.0,0,<=24,Overestimated
2025,jaqueja01,Jaime Jaquez Jr.,14.3,14.868,15.7,0.832,0.832,24.0,0,<=24,Underestimated
2023,joeis01,Isaiah Joe,14.5,12.824,13.4,0.576,0.576,24.0,0,<=24,Underestimated
2024,joeis01,Isaiah Joe,13.4,13.171,14.0,0.829,0.829,24.0,0,<=24,Underestimated
2025,joeis01,Isaiah Joe,14.0,13.49,15.5,2.01,2.01,25.0,0,25-27,Underestimated
2022,johnsca02,Cameron Johnson,15.2,14.256,17.1,2.844,2.844,25.0,0,25-27,Underestimated
2023,johnsca02,Cameron Johnson,17.1,15.105,14.5,-0.605,0.605,26.0,1,25-27,Overestimated
2024,johnsca02,Cameron Johnson,14.5,14.026,18.2,4.174,4.174,27.0,0,25-27,Underestimated
2025,johnsca02,Cameron Johnson,18.2,15.62,12.8,-2.82,2.82,28.0,0,28-30,Overestimated
2023,johnsja05,Jalen Johnson,14.1,14.266,16.3,2.034,2.034,24.0,0,<=24,Underestimated
2024,johnsja05,Jalen Johnson,16.3,17.205,17.3,0.095,0.095,24.0,0,<=24,Underestimated
2025,johnsja05,Jalen Johnson,17.3,17.611,20.4,2.789,2.789,24.0,0,<=24,Underestimated
2022,johnske04,Keldon Johnson,15.2,16.472,15.3,-1.172,1.172,24.0,0,<=24,Overestimated
2023,johnske04,Keldon Johnson,15.3,16.238,14.2,-2.038,2.038,24.0,0,<=24,Overestimated
2024,johnske04,Keldon Johnson,14.2,14.957,15.6,0.643,0.643,24.0,0,<=24,Underestimated
2025,johnske04,Keldon Johnson,15.6,15.27,17.3,2.03,2.03,25.0,0,25-27,Underestimated
2022,jokicni01,Nikola Jokić,32.8,30.877,31.5,0.623,0.623,26.0,0,25-27,Underestimated
2023,jokicni01,Nikola Jokić,31.5,30.548,31.0,0.452,0.452,27.0,0,25-27,Underestimated
2024,jokicni01,Nikola Jokić,31.0,30.33,32.0,1.67,1.67,28.0,0,28-30,Underestimated
2025,jokicni01,Nikola Jokić,32.0,30.7,32.3,1.6,1.6,29.0,0,28-30,Underestimated
2024,jonesde02,Derrick Jones Jr.,11.7,12.356,13.5,1.144,1.144,26.0,0,25-27,Underestimated
2025,jonesde02,Derrick Jones Jr.,13.5,12.357,13.3,0.943,0.943,27.0,0,25-27,Underestimated
2022,joneshe01,Herbert Jones,12.3,13.004,12.1,-0.904,0.904,24.0,0,<=24,Overestimated
2023,joneshe01,Herbert Jones,12.1,12.839,13.2,0.361,0.361,24.0,0,<=24,Underestimated
2024,joneshe01,Herbert Jones,13.2,13.173,10.4,-2.773,2.773,25.0,0,25-27,Overestimated
2022,jonestr01,Tre Jones,15.0,14.722,16.0,1.278,1.278,24.0,0,<=24,Underestimated
2023,jonestr01,Tre Jones,16.0,16.442,14.7,-1.742,1.742,24.0,0,<=24,Overestimated
2024,jonestr01,Tre Jones,14.7,14.877,16.3,1.423,1.423,24.0,0,<=24,Underestimated
2022,jonesty01,Tyus Jones,16.5,15.459,16.0,0.541,0.541,25.0,0,25-27,Underestimated
2023,jonesty01,Tyus Jones,16.0,15.171,16.5,1.329,1.329,26.0,0,25-27,Underestimated
2024,jonesty01,Tyus Jones,16.5,14.721,14.5,-0.221,0.221,27.0,0,25-27,Overestimated
2025,jonesty01,Tyus Jones,14.5,13.598,8.3,-5.298,5.298,28.0,0,28-30,Overestimated
2022,josepco01,Cory Joseph,11.4,10.717,12.1,1.383,1.383,30.0,0,28-30,Underestimated
2025,jovicni01,Nikola Jović,13.8,14.617,9.5,-5.117,5.117,24.0,0,<=24,Overestimated
2022,kennalu01,Luke Kennard,13.3,13.152,13.0,-0.152,0.152,25.0,0,25-27,Overestimated
2023,kennalu01,Luke Kennard,13.0,12.19,13.1,0.91,0.91,26.0,1,25-27,Underestimated
2025,kennalu01,Luke Kennard,13.6,13.304,13.5,0.196,0.196,28.0,0,28-30,Underestimated
2023,kesslwa01,Walker Kessler,21.5,20.748,18.0,-2.748,2.748,24.0,0,<=24,Overestimated
2024,kesslwa01,Walker Kessler,18.0,18.328,20.0,1.672,1.672,24.0,0,<=24,Underestimated
2022,kispeco01,Corey Kispert,10.9,11.807,11.5,-0.307,0.307,24.0,0,<=24,Overestimated
2023,kispeco01,Corey Kispert,11.5,11.27,12.8,1.53,1.53,24.0,0,<=24,Underestimated
2024,kispeco01,Corey Kispert,12.8,12.782,11.0,-1.782,1.782,24.0,0,<=24,Overestimated
2025,kispeco01,Corey Kispert,11.0,11.782,13.1,1.318,1.318,25.0,0,25-27,Underestimated
2022,klebima01,Maxi Kleber,11.0,11.317,8.7,-2.617,2.617,30.0,0,28-30,Overestimated
2025,knechda01,Dalton Knecht,12.7,14.019,10.1,-3.919,3.919,24.0,0,<=24,Overestimated
2022,konchjo01,John Konchar,14.0,14.703,10.8,-3.903,3.903,25.0,0,25-27,Overestimated
2023,konchjo01,John Konchar,10.8,12.178,11.4,-0.778,0.778,26.0,0,25-27,Overestimated
2024,konchjo01,John Konchar,11.4,11.756,12.1,0.344,0.344,27.0,0,25-27,Underestimated
2025,kornelu01,Luke Kornet,19.6,17.237,17.9,0.663,0.663,29.0,0,28-30,Underestimated
2025,krejcvi01,Vit Krejci,12.7,11.979,11.1,-0.879,0.879,24.0,0,<=24,Overestimated
2022,kuminjo01,Jonathan Kuminga,15.2,16.774,13.3,-3.474,3.474,24.0,0,<=24,Overestimated
2023,kuminjo01,Jonathan Kuminga,13.3,14.442,17.0,2.558,2.558,24.0,0,<=24,Underestimated
2024,kuminjo01,Jonathan Kuminga,17.0,17.4,15.7,-1.7,1.7,24.0,0,<=24,Overestimated
2025,kuminjo01,Jonathan Kuminga,15.7,17.222,14.2,-3.022,3.022,24.0,0,<=24,Overestimated
2022,kuzmaky01,Kyle Kuzma,15.2,14.762,14.3,-0.462,0.462,26.0,0,25-27,Overestimated
2023,kuzmaky01,Kyle Kuzma,14.3,14.295,15.7,1.405,1.405,27.0,0,25-27,Underestimated
2024,kuzmaky01,Kyle Kuzma,15.7,14.888,10.6,-4.288,4.288,28.0,0,28-30,Overestimated
2025,kuzmaky01,Kyle Kuzma,10.6,12.26,14.1,1.84,1.84,29.0,1,28-30,Underestimated
2025,laravja01,Jake LaRavia,12.6,13.119,11.9,-1.219,1.219,24.0,1,<=24,Overestimated
2022,lavinza01,Zach LaVine,20.0,19.327,19.0,-0.327,0.327,26.0,0,25-27,Overestimated
2023,lavinza01,Zach LaVine,19.0,18.671,15.1,-3.571,3.571,27.0,0,25-27,Overestimated
2025,lavinza01,Zach LaVine,17.3,15.733,14.7,-1.033,1.033,29.0,1,28-30,Overestimated
2022,leeda03,Damion Lee,10.9,11.663,10.7,-0.963,0.963,29.0,0,28-30,Overestimated
2023,leonaka01,Kawhi Leonard,23.9,22.248,23.2,0.952,0.952,31.0,0,31-33,Underestimated
2024,leonaka01,Kawhi Leonard,23.2,21.24,20.5,-0.74,0.74,32.0,0,31-33,Overestimated
2025,leonaka01,Kawhi Leonard,20.5,19.792,27.9,8.108,8.108,33.0,0,31-33,Underestimated
2022,leverca01,Caris LeVert,15.1,15.219,12.4,-2.819,2.819,27.0,1,25-27,Overestimated
2023,leverca01,Caris LeVert,12.4,13.185,14.6,1.415,1.415,28.0,0,28-30,Underestimated
2024,leverca01,Caris LeVert,14.6,13.986,15.2,1.214,1.214,29.0,0,28-30,Underestimated
2025,leverca01,Caris LeVert,15.2,13.55,10.9,-2.65,2.65,30.0,1,28-30,Overestimated
2022,lillada01,Damian Lillard,18.5,20.222,26.7,6.478,6.478,31.0,0,31-33,Underestimated
2023,lillada01,Damian Lillard,26.7,22.664,19.6,-3.064,3.064,32.0,0,31-33,Overestimated
2024,lillada01,Damian Lillard,19.6,19.719,21.3,1.581,1.581,33.0,0,31-33,Underestimated
2022,littlna01,Nassir Little,13.5,14.281,10.2,-4.081,4.081,24.0,0,<=24,Overestimated
2024,livelde01,Dereck Lively II,18.1,17.871,20.1,2.229,2.229,24.0,0,<=24,Underestimated
2022,looneke01,Kevon Looney,15.7,14.874,17.8,2.926,2.926,25.0,0,25-27,Underestimated
2023,looneke01,Kevon Looney,17.8,16.14,15.1,-1.04,1.04,26.0,0,25-27,Overestimated
2024,looneke01,Kevon Looney,15.1,14.744,17.0,2.256,2.256,27.0,0,25-27,Underestimated
2023,lopezbr01,Brook Lopez,18.4,16.347,14.8,-1.547,1.547,34.0,0,34+,Overestimated
2024,lopezbr01,Brook Lopez,14.8,13.746,14.8,1.054,1.054,35.0,0,34+,Underestimated
2025,lopezbr01,Brook Lopez,14.8,13.028,12.3,-0.728,0.728,36.0,0,34+,Overestimated
2022,loveke01,Kevin Love,19.6,16.468,13.1,-3.368,3.368,33.0,0,31-33,Overestimated
2023,loveke01,Kevin Love,13.1,13.75,18.5,4.75,4.75,34.0,1,34+,Underestimated
2022,lowryky01,Kyle Lowry,15.0,14.062,12.6,-1.462,1.462,35.0,0,34+,Overestimated
2023,lowryky01,Kyle Lowry,12.6,12.494,10.9,-1.594,1.594,36.0,0,34+,Overestimated
2024,lowryky01,Kyle Lowry,10.9,10.221,9.8,-0.421,0.421,37.0,1,34+,Overestimated
2022,lylestr01,Trey Lyles,16.4,14.678,14.2,-0.478,0.478,26.0,1,25-27,Overestimated
2023,lylestr01,Trey Lyles,14.2,14.443,11.9,-2.543,2.543,27.0,0,25-27,Overestimated
2024,lylestr01,Trey Lyles,11.9,12.665,12.3,-0.365,0.365,28.0,0,28-30,Overestimated
2022,mannte01,Terance Mann,13.4,13.539,13.4,-0.139,0.139,25.0,0,25-27,Overestimated
2023,mannte01,Terance Mann,13.4,13.303,12.0,-1.303,1.303,26.0,0,25-27,Overestimated
2024,mannte01,Terance Mann,12.0,12.36,12.0,-0.36,0.36,27.0,0,25-27,Overestimated
2025,mannte01,Terance Mann,12.0,11.646,10.2,-1.446,1.446,28.0,1,28-30,Overestimated
2022,manntr01,Tre Mann,10.2,12.298,10.0,-2.298,2.298,24.0,0,<=24,Overestimated
2023,manntr01,Tre Mann,10.0,11.896,13.7,1.804,1.804,24.0,0,<=24,Underestimated
2022,markkla01,Lauri Markkanen,14.7,14.984,22.1,7.116,7.116,24.0,0,<=24,Underestimated
2023,markkla01,Lauri Markkanen,22.1,19.424,21.5,2.076,2.076,25.0,0,25-27,Underestimated
2024,markkla01,Lauri Markkanen,21.5,19.349,15.6,-3.749,3.749,26.0,0,25-27,Overestimated
2025,markkla01,Lauri Markkanen,15.6,16.348,21.1,4.752,4.752,27.0,0,25-27,Underestimated
2023,marshna01,Naji Marshall,11.4,12.515,12.7,0.185,0.185,25.0,0,25-27,Underestimated
2024,marshna01,Naji Marshall,12.7,12.745,15.1,2.355,2.355,26.0,0,25-27,Underestimated
2025,marshna01,Naji Marshall,15.1,14.09,15.4,1.31,1.31,27.0,0,25-27,Underestimated
2022,martica02,Caleb Martin,14.8,13.51,11.4,-2.11,2.11,26.0,0,25-27,Overestimated
2023,martica02,Caleb Martin,11.4,11.949,10.8,-1.149,1.149,27.0,0,25-27,Overestimated
2024,martica02,Caleb Martin,10.8,11.573,9.6,-1.973,1.973,28.0,0,28-30,Overestimated
2025,martica02,Caleb Martin,9.6,10.954,9.3,-1.654,1.654,29.0,1,28-30,Overestimated
2022,martike04,KJ Martin,14.3,14.353,15.4,1.047,1.047,24.0,0,<=24,Underestimated
2023,martike04,KJ Martin,15.4,15.63,9.9,-5.73,5.73,24.0,0,<=24,Overestimated
2025,martity01,Tyrese Martin,10.9,11.139,10.3,-0.839,0.839,25.0,0,25-27,Overestimated
2022,mathega01,Garrison Mathews,11.0,11.489,9.7,-1.789,1.789,25.0,0,25-27,Overestimated
2023,mathube01,Bennedict Mathurin,13.1,15.757,13.0,-2.757,2.757,24.0,0,<=24,Overestimated
2024,mathube01,Bennedict Mathurin,13.0,14.059,13.6,-0.459,0.459,24.0,0,<=24,Overestimated
2025,mathube01,Bennedict Mathurin,13.6,15.32,14.7,-0.62,0.62,24.0,0,<=24,Overestimated
2022,matthwe02,Wesley Matthews,6.9,7.092,7.0,-0.092,0.092,35.0,0,34+,Overestimated
2022,maxeyty01,Tyrese Maxey,16.2,17.144,17.0,-0.144,0.144,24.0,0,<=24,Overestimated
2023,maxeyty01,Tyrese Maxey,17.0,17.499,19.8,2.301,2.301,24.0,0,<=24,Underestimated
2024,maxeyty01,Tyrese Maxey,19.8,19.737,19.5,-0.237,0.237,24.0,0,<=24,Overestimated
2025,maxeyty01,Tyrese Maxey,19.5,19.188,21.9,2.712,2.712,24.0,0,<=24,Underestimated
2024,mcbrimi01,Miles McBride,13.1,11.848,12.6,0.752,0.752,24.0,0,<=24,Underestimated
2025,mcbrimi01,Miles McBride,12.6,12.681,13.1,0.419,0.419,24.0,0,<=24,Underestimated
2022,mccolcj01,CJ McCollum,18.3,16.972,15.6,-1.372,1.372,30.0,1,28-30,Overestimated
2023,mccolcj01,CJ McCollum,15.6,15.303,17.9,2.597,2.597,31.0,0,31-33,Underestimated
2024,mccolcj01,CJ McCollum,17.9,15.994,15.8,-0.194,0.194,32.0,0,31-33,Overestimated
2025,mccolcj01,CJ McCollum,15.8,14.661,15.9,1.239,1.239,33.0,0,31-33,Underestimated
2023,mccontj01,T.J. McConnell,16.8,15.455,20.9,5.445,5.445,30.0,0,28-30,Underestimated
2024,mccontj01,T.J. McConnell,20.9,18.068,18.4,0.332,0.332,31.0,0,31-33,Underestimated
2025,mccontj01,T.J. McConnell,18.4,17.263,20.5,3.237,3.237,32.0,0,31-33,Underestimated
2023,mcdanja01,Jalen McDaniels,11.8,12.483,5.0,-7.483,7.483,25.0,1,25-27,Overestimated
2022,mcdanja02,Jaden McDaniels,10.3,11.6,12.0,0.4,0.4,24.0,0,<=24,Underestimated
2023,mcdanja02,Jaden McDaniels,12.0,13.066,9.4,-3.666,3.666,24.0,0,<=24,Overestimated
2024,mcdanja02,Jaden McDaniels,9.4,11.35,13.3,1.95,1.95,24.0,0,<=24,Underestimated
2025,mcdanja02,Jaden McDaniels,13.3,13.362,14.0,0.638,0.638,24.0,0,<=24,Underestimated
2022,mcderdo01,Doug McDermott,11.4,11.177,11.1,-0.077,0.077,30.0,0,28-30,Overestimated
2023,mcderdo01,Doug McDermott,11.1,10.83,9.1,-1.73,1.73,31.0,0,31-33,Overestimated
2022,meltode01,De'Anthony Melton,15.2,15.564,12.7,-2.864,2.864,24.0,0,<=24,Overestimated
2023,meltode01,De'Anthony Melton,12.7,14.045,13.4,-0.645,0.645,24.0,0,<=24,Overestimated
2024,merrisa01,Sam Merrill,13.1,12.322,11.1,-1.222,1.222,27.0,0,25-27,Overestimated
2025,merrisa01,Sam Merrill,11.1,11.436,13.6,2.164,2.164,28.0,0,28-30,Underestimated
2022,metuch01,Chimezie Metu,13.4,14.923,17.3,2.377,2.377,24.0,0,<=24,Underestimated
2024,micicva01,Vasilije Micić,10.7,10.436,6.5,-3.936,3.936,30.0,1,28-30,Overestimated
2022,middlkh01,Khris Middleton,18.1,17.377,17.4,0.023,0.023,30.0,0,28-30,Underestimated
2024,middlkh01,Khris Middleton,17.0,16.281,16.7,0.419,0.419,32.0,0,31-33,Underestimated
2024,millebr02,Brandon Miller,13.0,14.507,14.0,-0.507,0.507,24.0,0,<=24,Overestimated
2022,millspa02,Patty Mills,10.4,9.681,10.6,0.919,0.919,33.0,0,31-33,Underestimated
2022,miltosh01,Shake Milton,11.9,13.691,12.7,-0.991,0.991,25.0,0,25-27,Overestimated
2023,miltosh01,Shake Milton,12.7,13.135,9.2,-3.935,3.935,26.0,0,25-27,Overestimated
2025,missiyv01,Yves Missi,15.4,16.73,15.0,-1.73,1.73,24.0,0,<=24,Overestimated
2022,mitchda01,Davion Mitchell,10.8,12.876,9.4,-3.476,3.476,24.0,0,<=24,Overestimated
2023,mitchda01,Davion Mitchell,9.4,10.818,9.3,-1.518,1.518,24.0,0,<=24,Overestimated
2024,mitchda01,Davion Mitchell,9.3,10.332,10.2,-0.132,0.132,25.0,0,25-27,Overestimated
2025,mitchda01,Davion Mitchell,10.2,10.595,12.1,1.505,1.505,26.0,1,25-27,Underestimated
2022,mitchdo01,Donovan Mitchell,21.6,21.066,22.9,1.834,1.834,25.0,0,25-27,Underestimated
2023,mitchdo01,Donovan Mitchell,22.9,21.196,22.1,0.904,0.904,26.0,0,25-27,Underestimated
2024,mitchdo01,Donovan Mitchell,22.1,21.241,20.9,-0.341,0.341,27.0,0,25-27,Overestimated
2025,mitchdo01,Donovan Mitchell,20.9,21.184,22.9,1.716,1.716,28.0,0,28-30,Underestimated
2022,mobleev01,Evan Mobley,16.1,17.54,17.9,0.36,0.36,24.0,0,<=24,Underestimated
2023,mobleev01,Evan Mobley,17.9,19.651,20.1,0.449,0.449,24.0,0,<=24,Underestimated
2024,mobleev01,Evan Mobley,20.1,20.268,22.3,2.032,2.032,24.0,0,<=24,Underestimated
2025,mobleev01,Evan Mobley,22.3,22.253,20.0,-2.253,2.253,24.0,0,<=24,Overestimated
2022,monkma01,Malik Monk,14.4,14.798,16.6,1.802,1.802,24.0,0,<=24,Underestimated
2023,monkma01,Malik Monk,16.6,16.309,16.0,-0.309,0.309,24.0,0,<=24,Overestimated
2024,monkma01,Malik Monk,16.0,16.18,15.0,-1.18,1.18,25.0,0,25-27,Overestimated
2025,monkma01,Malik Monk,15.0,15.479,14.2,-1.279,1.279,26.0,0,25-27,Overestimated
2024,moodymo01,Moses Moody,13.7,13.987,12.4,-1.587,1.587,24.0,0,<=24,Overestimated
2025,moodymo01,Moses Moody,12.4,13.788,13.5,-0.288,0.288,24.0,0,<=24,Overestimated
2022,moranja01,Ja Morant,24.4,22.61,23.3,0.69,0.69,24.0,0,<=24,Underestimated
2025,moranja01,Ja Morant,19.3,19.775,16.6,-3.175,3.175,25.0,0,25-27,Overestimated
2022,morrima03,Marcus Morris,13.7,12.903,10.5,-2.403,2.403,32.0,0,31-33,Overestimated
2023,morrima03,Marcus Morris,10.5,10.837,9.9,-0.937,0.937,33.0,0,31-33,Overestimated
2022,morrimo01,Monte Morris,14.7,14.448,15.0,0.552,0.552,26.0,0,25-27,Underestimated
2023,murphtr02,Trey Murphy III,15.2,14.814,16.3,1.486,1.486,24.0,0,<=24,Underestimated
2024,murphtr02,Trey Murphy III,16.3,16.068,17.3,1.232,1.232,24.0,0,<=24,Underestimated
2025,murphtr02,Trey Murphy III,17.3,17.05,18.3,1.25,1.25,24.0,0,<=24,Underestimated
2022,murrade01,Dejounte Murray,22.3,20.046,17.0,-3.046,3.046,25.0,0,25-27,Overestimated
2023,murrade01,Dejounte Murray,17.0,17.621,17.7,0.079,0.079,26.0,0,25-27,Underestimated
2024,murrade01,Dejounte Murray,17.7,17.309,15.4,-1.909,1.909,27.0,0,25-27,Overestimated
2023,murraja01,Jamal Murray,18.0,18.095,20.7,2.605,2.605,25.0,0,25-27,Underestimated
2024,murraja01,Jamal Murray,20.7,19.372,17.8,-1.572,1.572,26.0,0,25-27,Overestimated
2025,murraja01,Jamal Murray,17.8,18.213,21.8,3.587,3.587,27.0,0,25-27,Underestimated
2023,murrake02,Keegan Murray,12.3,13.878,13.3,-0.578,0.578,24.0,0,<=24,Overestimated
2024,murrake02,Keegan Murray,13.3,14.327,12.0,-2.327,2.327,24.0,0,<=24,Overestimated
2025,murrake02,Keegan Murray,12.0,13.646,11.7,-1.946,1.946,24.0,0,<=24,Overestimated
2024,murrakr01,Kris Murray,9.0,10.089,9.1,-0.989,0.989,24.0,0,<=24,Overestimated
2025,murrakr01,Kris Murray,9.1,10.124,9.6,-0.524,0.524,24.0,0,<=24,Overestimated
2022,nancela02,Larry Nance Jr.,14.4,13.732,16.0,2.268,2.268,29.0,1,28-30,Underestimated
2023,nancela02,Larry Nance Jr.,16.0,14.143,14.9,0.757,0.757,30.0,0,28-30,Underestimated
2023,nembhan01,Andrew Nembhard,10.0,11.614,11.3,-0.314,0.314,24.0,0,<=24,Overestimated
2024,nembhan01,Andrew Nembhard,11.3,12.039,11.7,-0.339,0.339,24.0,0,<=24,Overestimated
2025,nembhan01,Andrew Nembhard,11.7,12.753,15.7,2.947,2.947,25.0,0,25-27,Underestimated
2023,nesmiaa01,Aaron Nesmith,10.5,11.697,12.8,1.103,1.103,24.0,0,<=24,Underestimated
2024,nesmiaa01,Aaron Nesmith,12.8,12.581,14.6,2.019,2.019,24.0,0,<=24,Underestimated
2025,nesmiaa01,Aaron Nesmith,14.6,13.682,10.8,-2.882,2.882,25.0,0,25-27,Overestimated
2022,netora01,Raul Neto,12.4,12.363,12.6,0.237,0.237,29.0,0,28-30,Underestimated
2022,niangge01,Georges Niang,10.7,10.674,10.9,0.226,0.226,28.0,0,28-30,Underestimated
2023,niangge01,Georges Niang,10.9,10.242,9.9,-0.342,0.342,29.0,0,28-30,Overestimated
2024,niangge01,Georges Niang,9.9,9.924,11.2,1.276,1.276,30.0,0,28-30,Underestimated
2022,nurkiju01,Jusuf Nurkić,20.0,19.461,17.3,-2.161,2.161,27.0,0,25-27,Overestimated
2023,nurkiju01,Jusuf Nurkić,17.3,17.591,17.4,-0.191,0.191,28.0,0,28-30,Overestimated
2024,nurkiju01,Jusuf Nurkić,17.4,17.754,15.2,-2.554,2.554,29.0,0,28-30,Overestimated
2025,nurkiju01,Jusuf Nurkić,15.2,16.044,16.4,0.356,0.356,30.0,1,28-30,Underestimated
2022,nworajo01,Jordan Nwora,9.9,11.861,12.2,0.339,0.339,24.0,0,<=24,Underestimated
2023,nworajo01,Jordan Nwora,12.2,13.023,13.7,0.677,0.677,24.0,1,<=24,Underestimated
2022,okekech01,Chuma Okeke,12.0,12.568,9.1,-3.468,3.468,24.0,0,<=24,Overestimated
2023,okogijo01,Josh Okogie,13.3,13.078,12.0,-1.078,1.078,24.0,0,<=24,Overestimated
2023,okongon01,Onyeka Okongwu,19.4,19.711,16.9,-2.811,2.811,24.0,0,<=24,Overestimated
2024,okongon01,Onyeka Okongwu,16.9,18.03,19.0,0.97,0.97,24.0,0,<=24,Underestimated
2025,okongon01,Onyeka Okongwu,19.0,18.893,15.9,-2.993,2.993,24.0,0,<=24,Overestimated
2022,okorois01,Isaac Okoro,10.4,11.619,10.7,-0.919,0.919,24.0,0,<=24,Overestimated
2023,okorois01,Isaac Okoro,10.7,11.295,11.4,0.105,0.105,24.0,0,<=24,Underestimated
2024,okorois01,Isaac Okoro,11.4,12.092,10.7,-1.392,1.392,24.0,0,<=24,Overestimated
2025,okorois01,Isaac Okoro,10.7,11.529,9.8,-1.729,1.729,24.0,0,<=24,Overestimated
2023,olynyke01,Kelly Olynyk,14.4,14.198,17.4,3.202,3.202,31.0,0,31-33,Underestimated
2024,olynyke01,Kelly Olynyk,17.4,15.08,14.9,-0.18,0.18,32.0,1,31-33,Overestimated
2022,onealro01,Royce O'Neale,10.3,10.336,9.2,-1.136,1.136,28.0,0,28-30,Overestimated
2023,onealro01,Royce O'Neale,9.2,10.156,11.1,0.944,0.944,29.0,0,28-30,Underestimated
2024,onealro01,Royce O'Neale,11.1,10.513,12.6,2.087,2.087,30.0,1,28-30,Underestimated
2025,onealro01,Royce O'Neale,12.6,11.304,11.6,0.296,0.296,31.0,0,31-33,Underestimated
2022,osmande01,Cedi Osman,13.3,12.103,12.0,-0.103,0.103,26.0,0,25-27,Overestimated
2023,osmande01,Cedi Osman,12.0,11.584,11.2,-0.384,0.384,27.0,0,25-27,Overestimated
2022,oubreke01,Kelly Oubre Jr.,14.9,14.082,14.8,0.718,0.718,26.0,0,25-27,Underestimated
2023,oubreke01,Kelly Oubre Jr.,14.8,13.975,13.5,-0.475,0.475,27.0,0,25-27,Overestimated
2024,oubreke01,Kelly Oubre Jr.,13.5,13.612,13.5,-0.112,0.112,28.0,0,28-30,Overestimated
2025,oubreke01,Kelly Oubre Jr.,13.5,12.643,13.0,0.357,0.357,29.0,0,28-30,Underestimated
2022,paulch01,Chris Paul,20.8,19.31,17.7,-1.61,1.61,36.0,0,34+,Overestimated
2023,paulch01,Chris Paul,17.7,16.724,14.7,-2.024,2.024,37.0,0,34+,Overestimated
2024,paulch01,Chris Paul,14.7,14.683,14.7,0.017,0.017,38.0,0,34+,Underestimated
2022,payneca01,Cameron Payne,13.8,15.055,13.2,-1.855,1.855,27.0,0,25-27,Overestimated
2024,payneca01,Cameron Payne,12.8,12.065,13.8,1.735,1.735,29.0,1,28-30,Underestimated
2022,plumlma01,Mason Plumlee,14.7,15.192,19.6,4.408,4.408,31.0,0,31-33,Underestimated
2023,plumlma01,Mason Plumlee,19.6,16.845,15.8,-1.045,1.045,32.0,1,31-33,Overestimated
2024,podzibr01,Brandin Podziemski,13.0,15.601,14.4,-1.201,1.201,24.0,0,<=24,Overestimated
2025,podzibr01,Brandin Podziemski,14.4,16.056,15.0,-1.056,1.056,24.0,0,<=24,Overestimated
2022,poeltja01,Jakob Poeltl,20.8,19.113,21.0,1.887,1.887,26.0,0,25-27,Underestimated
2023,poeltja01,Jakob Poeltl,21.0,19.85,18.9,-0.95,0.95,27.0,1,25-27,Overestimated
2024,poeltja01,Jakob Poeltl,18.9,18.103,20.0,1.897,1.897,28.0,0,28-30,Underestimated
2025,poeltja01,Jakob Poeltl,20.0,18.25,18.1,-0.15,0.15,29.0,0,28-30,Overestimated
2022,pokusal01,Aleksej Pokusevski,12.0,13.367,13.4,0.033,0.033,24.0,0,<=24,Underestimated
2022,poolejo01,Jordan Poole,16.1,16.524,14.6,-1.924,1.924,24.0,0,<=24,Overestimated
2023,poolejo01,Jordan Poole,14.6,16.181,12.1,-4.081,4.081,24.0,0,<=24,Overestimated
2024,poolejo01,Jordan Poole,12.1,13.935,16.6,2.665,2.665,24.0,0,<=24,Underestimated
2025,poolejo01,Jordan Poole,16.6,14.793,11.5,-3.293,3.293,25.0,0,25-27,Overestimated
2022,porteke02,Kevin Porter Jr.,13.5,15.209,16.2,0.991,0.991,24.0,0,<=24,Underestimated
2025,porteke02,Kevin Porter Jr.,15.4,15.946,18.7,2.754,2.754,24.0,1,<=24,Underestimated
2023,portemi01,Michael Porter Jr.,16.8,16.148,15.5,-0.648,0.648,24.0,0,<=24,Overestimated
2024,portemi01,Michael Porter Jr.,15.5,15.806,16.2,0.394,0.394,25.0,0,25-27,Underestimated
2025,portemi01,Michael Porter Jr.,16.2,16.184,19.9,3.716,3.716,26.0,0,25-27,Underestimated
2022,portibo01,Bobby Portis,17.7,17.426,17.8,0.374,0.374,26.0,0,25-27,Underestimated
2023,portibo01,Bobby Portis,17.8,17.684,17.5,-0.184,0.184,27.0,0,25-27,Overestimated
2024,portibo01,Bobby Portis,17.5,17.219,17.7,0.481,0.481,28.0,0,28-30,Underestimated
2025,portibo01,Bobby Portis,17.7,17.335,17.1,-0.235,0.235,29.0,0,28-30,Overestimated
2022,porzikr01,Kristaps Porziņģis,23.7,21.425,23.1,1.675,1.675,26.0,1,25-27,Underestimated
2023,porzikr01,Kristaps Porziņģis,23.1,21.385,23.2,1.815,1.815,27.0,0,25-27,Underestimated
2024,porzikr01,Kristaps Porziņģis,23.2,21.517,22.3,0.783,0.783,28.0,0,28-30,Underestimated
2025,porzikr01,Kristaps Porziņģis,22.3,20.979,19.6,-1.379,1.379,29.0,0,28-30,Overestimated
2022,poweldw01,Dwight Powell,18.1,16.265,15.5,-0.765,0.765,30.0,0,28-30,Overestimated
2023,poweldw01,Dwight Powell,15.5,14.595,14.5,-0.095,0.095,31.0,0,31-33,Overestimated
2022,powelno01,Norman Powell,16.3,15.211,17.1,1.889,1.889,28.0,1,28-30,Underestimated
2023,powelno01,Norman Powell,17.1,16.374,13.9,-2.474,2.474,29.0,0,28-30,Overestimated
2024,powelno01,Norman Powell,13.9,13.902,17.5,3.598,3.598,30.0,0,28-30,Underestimated
2025,powelno01,Norman Powell,17.5,15.127,17.5,2.373,2.373,31.0,0,31-33,Underestimated
2022,princta02,Taurean Prince,12.4,11.955,10.0,-1.955,1.955,27.0,0,25-27,Overestimated
2023,princta02,Taurean Prince,10.0,11.025,8.8,-2.225,2.225,28.0,0,28-30,Overestimated
2024,princta02,Taurean Prince,8.8,9.653,9.8,0.147,0.147,29.0,0,28-30,Underestimated
2025,princta02,Taurean Prince,9.8,9.375,10.5,1.125,1.125,30.0,0,28-30,Underestimated
2022,pritcpa01,Payton Pritchard,15.0,13.982,10.3,-3.682,3.682,24.0,0,<=24,Overestimated
2024,pritcpa01,Payton Pritchard,15.3,14.286,17.6,3.314,3.314,26.0,0,25-27,Underestimated
2025,pritcpa01,Payton Pritchard,17.6,15.966,17.1,1.134,1.134,27.0,0,25-27,Underestimated
2022,quickim01,Immanuel Quickley,14.6,15.456,16.3,0.844,0.844,24.0,0,<=24,Underestimated
2023,quickim01,Immanuel Quickley,16.3,16.42,16.7,0.28,0.28,24.0,0,<=24,Underestimated
2024,quickim01,Immanuel Quickley,16.7,16.718,17.5,0.782,0.782,24.0,1,<=24,Underestimated
2022,randlju01,Julius Randle,15.7,16.687,20.3,3.613,3.613,27.0,0,25-27,Underestimated
2023,randlju01,Julius Randle,20.3,18.427,18.9,0.473,0.473,28.0,0,28-30,Underestimated
2024,randlju01,Julius Randle,18.9,18.31,17.5,-0.81,0.81,29.0,0,28-30,Overestimated
2025,randlju01,Julius Randle,17.5,17.152,18.4,1.248,1.248,30.0,0,28-30,Underestimated
2022,reaveau01,Austin Reaves,11.5,12.011,14.9,2.889,2.889,24.0,0,<=24,Underestimated
2023,reaveau01,Austin Reaves,14.9,14.503,15.5,0.997,0.997,24.0,0,<=24,Underestimated
2024,reaveau01,Austin Reaves,15.5,16.008,18.1,2.092,2.092,25.0,0,25-27,Underestimated
2025,reaveau01,Austin Reaves,18.1,17.689,20.2,2.511,2.511,26.0,0,25-27,Underestimated
2022,reddica01,Cam Reddish,12.8,13.075,10.6,-2.475,2.475,24.0,1,<=24,Overestimated
2022,reidna01,Naz Reid,17.2,17.887,18.5,0.613,0.613,24.0,0,<=24,Underestimated
2023,reidna01,Naz Reid,18.5,18.601,16.0,-2.601,2.601,24.0,0,<=24,Overestimated
2024,reidna01,Naz Reid,16.0,16.792,15.8,-0.992,0.992,24.0,0,<=24,Overestimated
2025,reidna01,Naz Reid,15.8,16.173,15.4,-0.773,0.773,25.0,0,25-27,Overestimated
2022,richajo01,Josh Richardson,12.8,11.708,12.3,0.592,0.592,28.0,1,28-30,Underestimated
2023,richajo01,Josh Richardson,12.3,11.985,11.4,-0.585,0.585,29.0,1,28-30,Overestimated
2023,richani01,Nick Richards,18.3,17.239,16.7,-0.539,0.539,25.0,0,25-27,Overestimated
2024,richani01,Nick Richards,16.7,16.576,16.6,0.024,0.024,26.0,0,25-27,Underestimated
2025,richani01,Nick Richards,16.6,16.919,11.9,-5.019,5.019,27.0,1,25-27,Overestimated
2025,risacza01,Zaccharie Risacher,12.2,14.467,11.8,-2.667,2.667,24.0,0,<=24,Overestimated
2022,riverau01,Austin Rivers,7.2,8.141,7.4,-0.741,0.741,29.0,0,28-30,Overestimated
2022,robindu01,Duncan Robinson,10.6,11.303,7.8,-3.503,3.503,27.0,0,25-27,Overestimated
2024,robindu01,Duncan Robinson,12.2,10.919,11.8,0.881,0.881,29.0,0,28-30,Underestimated
2025,robindu01,Duncan Robinson,11.8,10.723,12.4,1.677,1.677,30.0,0,28-30,Underestimated
2022,robinje02,Jeremiah Robinson-Earl,11.7,12.189,13.0,0.811,0.811,24.0,0,<=24,Underestimated
2022,robinmi01,Mitchell Robinson,20.7,20.097,18.9,-1.197,1.197,24.0,0,<=24,Overestimated
2023,robinmi01,Mitchell Robinson,18.9,18.735,16.1,-2.635,2.635,24.0,0,<=24,Overestimated
2023,roddyda01,David Roddy,8.8,11.208,8.7,-2.508,2.508,24.0,0,<=24,Overestimated
2022,rosste01,Terrence Ross,10.0,10.611,10.2,-0.411,0.411,30.0,0,28-30,Overestimated
2022,roziete01,Terry Rozier,17.6,16.397,14.7,-1.697,1.697,27.0,0,25-27,Overestimated
2023,roziete01,Terry Rozier,14.7,14.624,17.3,2.676,2.676,28.0,0,28-30,Underestimated
2024,roziete01,Terry Rozier,17.3,15.692,10.5,-5.192,5.192,29.0,1,28-30,Overestimated
2022,russeda01,D'Angelo Russell,16.3,17.116,16.3,-0.816,0.816,25.0,0,25-27,Overestimated
2023,russeda01,D'Angelo Russell,16.3,15.848,16.0,0.152,0.152,26.0,1,25-27,Underestimated
2024,russeda01,D'Angelo Russell,16.0,15.83,14.0,-1.83,1.83,27.0,0,25-27,Overestimated
2022,sabondo01,Domantas Sabonis,21.9,21.048,23.5,2.452,2.452,25.0,1,25-27,Underestimated
2023,sabondo01,Domantas Sabonis,23.5,22.716,23.2,0.484,0.484,26.0,0,25-27,Underestimated
2024,sabondo01,Domantas Sabonis,23.2,22.92,22.9,-0.02,0.02,27.0,0,25-27,Overestimated
2025,sabondo01,Domantas Sabonis,22.9,22.613,19.2,-3.413,3.413,28.0,0,28-30,Overestimated
2025,salauti01,Tidjane Salaün,7.7,10.244,12.9,2.656,2.656,24.0,0,<=24,Underestimated
2025,sarral01,Alex Sarr,12.9,15.16,19.4,4.24,4.24,24.0,0,<=24,Underestimated
2024,sassema01,Marcus Sasser,11.8,12.305,14.0,1.695,1.695,24.0,0,<=24,Underestimated
2022,schrode01,Dennis Schröder,13.0,13.326,11.5,-1.826,1.826,28.0,1,28-30,Overestimated
2023,schrode01,Dennis Schröder,11.5,12.304,13.3,0.996,0.996,29.0,0,28-30,Underestimated
2024,schrode01,Dennis Schröder,13.3,12.173,12.7,0.527,0.527,30.0,1,28-30,Underestimated
2025,schrode01,Dennis Schröder,12.7,11.85,12.9,1.05,1.05,31.0,1,31-33,Underestimated
2022,sengual01,Alperen Şengün,16.0,17.506,19.7,2.194,2.194,24.0,0,<=24,Underestimated
2023,sengual01,Alperen Şengün,19.7,19.831,22.0,2.169,2.169,24.0,0,<=24,Underestimated
2024,sengual01,Alperen Şengün,22.0,21.497,21.4,-0.097,0.097,24.0,0,<=24,Overestimated
2025,sengual01,Alperen Şengün,21.4,22.459,21.4,-1.059,1.059,24.0,0,<=24,Overestimated
2025,sensabr01,Brice Sensabaugh,13.4,13.321,14.4,1.079,1.079,24.0,0,<=24,Underestimated
2023,sextoco01,Collin Sexton,15.9,15.891,19.9,4.009,4.009,24.0,0,<=24,Underestimated
2024,sextoco01,Collin Sexton,19.9,17.917,16.6,-1.317,1.317,25.0,0,25-27,Overestimated
2025,sextoco01,Collin Sexton,16.6,16.205,17.4,1.195,1.195,26.0,0,25-27,Underestimated
2022,shamela01,Landry Shamet,10.2,11.343,10.9,-0.443,0.443,24.0,0,<=24,Overestimated
2023,sharpsh01,Shaedon Sharpe,11.5,13.546,11.4,-2.146,2.146,24.0,0,<=24,Overestimated
2024,sharpsh01,Shaedon Sharpe,11.4,12.586,14.5,1.914,1.914,24.0,0,<=24,Underestimated
2025,sharpsh01,Shaedon Sharpe,14.5,15.346,15.3,-0.046,0.046,24.0,0,<=24,Overestimated
2025,sheadja01,Jamal Shead,9.9,12.011,10.5,-1.511,1.511,24.0,0,<=24,Overestimated
2025,sheppbe01,Ben Sheppard,9.2,9.969,9.7,-0.269,0.269,24.0,0,<=24,Overestimated
2022,siakapa01,Pascal Siakam,20.3,18.891,20.3,1.409,1.409,27.0,0,25-27,Underestimated
2023,siakapa01,Pascal Siakam,20.3,19.197,19.7,0.503,0.503,28.0,0,28-30,Underestimated
2024,siakapa01,Pascal Siakam,19.7,18.722,19.2,0.478,0.478,29.0,1,28-30,Underestimated
2025,siakapa01,Pascal Siakam,19.2,18.61,18.6,-0.01,0.01,30.0,0,28-30,Overestimated
2022,simonan01,Anfernee Simons,15.3,15.134,14.8,-0.334,0.334,24.0,0,<=24,Overestimated
2023,simonan01,Anfernee Simons,14.8,15.031,15.9,0.869,0.869,24.0,0,<=24,Underestimated
2024,simonan01,Anfernee Simons,15.9,15.424,14.9,-0.524,0.524,24.0,0,<=24,Overestimated
2025,simonan01,Anfernee Simons,14.9,14.974,14.4,-0.574,0.574,25.0,0,25-27,Overestimated
2022,smartma01,Marcus Smart,13.6,13.641,12.1,-1.541,1.541,27.0,0,25-27,Overestimated
2023,smartma01,Marcus Smart,12.1,13.208,11.8,-1.408,1.408,28.0,0,28-30,Overestimated
2023,smithde03,Dennis Smith Jr.,11.6,12.743,13.4,0.657,0.657,25.0,0,25-27,Underestimated
2023,smithja04,Jalen Smith,15.9,17.047,20.7,3.653,3.653,24.0,0,<=24,Underestimated
2024,smithja04,Jalen Smith,20.7,18.876,18.7,-0.176,0.176,24.0,0,<=24,Overestimated
2023,smithja05,Jabari Smith Jr.,11.2,14.316,13.8,-0.516,0.516,24.0,0,<=24,Overestimated
2024,smithja05,Jabari Smith Jr.,13.8,15.37,12.6,-2.77,2.77,24.0,0,<=24,Overestimated
2025,smithja05,Jabari Smith Jr.,12.6,14.39,13.5,-0.89,0.89,24.0,0,<=24,Overestimated
2023,sochaje01,Jeremy Sochan,11.4,13.71,11.4,-2.31,2.31,24.0,0,<=24,Overestimated
2024,sochaje01,Jeremy Sochan,11.4,13.539,15.9,2.361,2.361,24.0,0,<=24,Underestimated
2022,stevela01,Lamar Stevens,11.3,11.445,9.5,-1.945,1.945,24.0,0,<=24,Overestimated
2023,stevela01,Lamar Stevens,9.5,11.123,14.6,3.477,3.477,25.0,0,25-27,Underestimated
2022,stewais01,Isaiah Stewart,14.0,15.546,13.1,-2.446,2.446,24.0,0,<=24,Overestimated
2023,stewais01,Isaiah Stewart,13.1,14.816,11.3,-3.516,3.516,24.0,0,<=24,Overestimated
2024,stewais01,Isaiah Stewart,11.3,12.896,14.6,1.704,1.704,24.0,0,<=24,Underestimated
2025,stewais01,Isaiah Stewart,14.6,14.628,15.2,0.572,0.572,24.0,0,<=24,Underestimated
2025,strawju01,Julian Strawther,9.5,10.877,12.5,1.623,1.623,24.0,0,<=24,Underestimated
2022,strusma01,Max Strus,12.7,13.648,10.8,-2.848,2.848,25.0,0,25-27,Overestimated
2023,strusma01,Max Strus,10.8,11.779,11.7,-0.079,0.079,26.0,0,25-27,Overestimated
2024,strusma01,Max Strus,11.7,11.971,12.6,0.629,0.629,27.0,0,25-27,Underestimated
2022,suggsja01,Jalen Suggs,8.6,11.599,12.5,0.901,0.901,24.0,0,<=24,Underestimated
2023,suggsja01,Jalen Suggs,12.5,13.338,14.1,0.762,0.762,24.0,0,<=24,Underestimated
2024,suggsja01,Jalen Suggs,14.1,14.367,14.4,0.033,0.033,24.0,0,<=24,Underestimated
2025,suggsja01,Jalen Suggs,14.4,15.195,15.6,0.405,0.405,24.0,0,<=24,Underestimated
2022,tateja01,Jae'Sean Tate,14.3,13.901,12.2,-1.701,1.701,26.0,0,25-27,Overestimated
2024,tateja01,Jae'Sean Tate,9.3,10.964,12.3,1.336,1.336,28.0,0,28-30,Underestimated
2022,tatumja01,Jayson Tatum,21.8,22.017,23.7,1.683,1.683,24.0,0,<=24,Underestimated
2023,tatumja01,Jayson Tatum,23.7,23.879,22.3,-1.579,1.579,24.0,0,<=24,Overestimated
2024,tatumja01,Jayson Tatum,22.3,22.787,21.7,-1.087,1.087,25.0,0,25-27,Overestimated
2025,tatumja01,Jayson Tatum,21.7,22.392,20.3,-2.092,2.092,26.0,0,25-27,Overestimated
2024,theisda01,Daniel Theis,14.4,13.652,12.1,-1.552,1.552,31.0,1,31-33,Overestimated
2022,thomaca02,Cam Thomas,11.7,13.842,14.7,0.858,0.858,24.0,0,<=24,Underestimated
2024,thomaca02,Cam Thomas,16.1,16.535,18.0,1.465,1.465,24.0,0,<=24,Underestimated
2024,thompam01,Amen Thompson,18.2,18.118,18.7,0.582,0.582,24.0,0,<=24,Underestimated
2025,thompam01,Amen Thompson,18.7,19.067,18.9,-0.167,0.167,24.0,0,<=24,Overestimated
2024,thompau01,Ausar Thompson,12.8,14.445,17.2,2.755,2.755,24.0,0,<=24,Underestimated
2025,thompau01,Ausar Thompson,17.2,17.316,16.2,-1.116,1.116,24.0,0,<=24,Overestimated
2023,thompkl01,Klay Thompson,14.7,13.961,13.9,-0.061,0.061,32.0,0,31-33,Overestimated
2024,thompkl01,Klay Thompson,13.9,12.66,12.9,0.24,0.24,33.0,0,31-33,Underestimated
2025,thompkl01,Klay Thompson,12.9,12.017,11.4,-0.617,0.617,34.0,0,34+,Overestimated
2022,thybuma01,Matisse Thybulle,11.2,11.311,10.5,-0.811,0.811,24.0,0,<=24,Overestimated
2023,thybuma01,Matisse Thybulle,10.5,10.199,10.4,0.201,0.201,25.0,1,25-27,Underestimated
2023,tillmxa01,Xavier Tillman Sr.,17.3,16.632,12.2,-4.432,4.432,24.0,0,<=24,Overestimated
2022,toppiob01,Obi Toppin,18.3,16.559,13.6,-2.959,2.959,24.0,0,<=24,Overestimated
2023,toppiob01,Obi Toppin,13.6,14.447,16.5,2.053,2.053,24.0,0,<=24,Underestimated
2024,toppiob01,Obi Toppin,16.5,15.434,17.4,1.966,1.966,25.0,0,25-27,Underestimated
2022,townska01,Karl-Anthony Towns,24.1,23.322,18.8,-4.522,4.522,26.0,0,25-27,Overestimated
2024,townska01,Karl-Anthony Towns,18.8,19.081,23.4,4.319,4.319,28.0,0,28-30,Underestimated
2025,townska01,Karl-Anthony Towns,23.4,21.468,22.0,0.532,0.532,29.0,0,28-30,Underestimated
2022,trentga02,Gary Trent Jr.,14.7,14.661,15.0,0.339,0.339,24.0,0,<=24,Underestimated
2023,trentga02,Gary Trent Jr.,15.0,14.906,12.0,-2.906,2.906,24.0,0,<=24,Overestimated
2024,trentga02,Gary Trent Jr.,12.0,12.443,11.7,-0.743,0.743,25.0,0,25-27,Overestimated
2025,trentga02,Gary Trent Jr.,11.7,11.992,8.0,-3.992,3.992,26.0,0,25-27,Overestimated
2022,tuckepj01,P.J. Tucker,11.3,8.616,5.7,-2.916,2.916,36.0,0,34+,Overestimated
2022,turnemy01,Myles Turner,17.4,16.264,20.0,3.736,3.736,25.0,0,25-27,Underestimated
2023,turnemy01,Myles Turner,20.0,18.487,19.3,0.813,0.813,26.0,0,25-27,Underestimated
2024,turnemy01,Myles Turner,19.3,18.922,16.1,-2.822,2.822,27.0,0,25-27,Overestimated
2025,turnemy01,Myles Turner,16.1,16.946,14.2,-2.746,2.746,28.0,0,28-30,Overestimated
2022,valanjo01,Jonas Valančiūnas,21.2,20.518,19.3,-1.218,1.218,29.0,0,28-30,Overestimated
2023,valanjo01,Jonas Valančiūnas,19.3,19.5,19.8,0.3,0.3,30.0,0,28-30,Underestimated
2024,valanjo01,Jonas Valančiūnas,19.8,18.975,20.8,1.825,1.825,31.0,0,31-33,Underestimated
2025,valanjo01,Jonas Valančiūnas,20.8,19.159,22.0,2.841,2.841,32.0,1,31-33,Underestimated
2022,vandeja01,Jarred Vanderbilt,15.3,16.892,15.1,-1.792,1.792,24.0,0,<=24,Overestimated
2023,vandeja01,Jarred Vanderbilt,15.1,15.724,11.6,-4.124,4.124,24.0,1,<=24,Overestimated
2022,vanvlfr01,Fred VanVleet,17.3,16.511,17.0,0.489,0.489,27.0,0,25-27,Underestimated
2023,vanvlfr01,Fred VanVleet,17.0,16.523,16.7,0.177,0.177,28.0,0,28-30,Underestimated
2024,vanvlfr01,Fred VanVleet,16.7,16.145,12.8,-3.345,3.345,29.0,0,28-30,Overestimated
2022,vassede01,Devin Vassell,13.3,13.84,15.5,1.66,1.66,24.0,0,<=24,Underestimated
2023,vassede01,Devin Vassell,15.5,15.243,15.7,0.457,0.457,24.0,0,<=24,Underestimated
2024,vassede01,Devin Vassell,15.7,15.645,14.2,-1.445,1.445,24.0,0,<=24,Overestimated
2025,vassede01,Devin Vassell,14.2,15.039,13.0,-2.039,2.039,24.0,0,<=24,Overestimated
2022,vincega01,Gabe Vincent,10.6,10.753,9.0,-1.753,1.753,25.0,0,25-27,Overestimated
2025,vincega01,Gabe Vincent,7.4,7.604,6.5,-1.104,1.104,28.0,0,28-30,Overestimated
2022,vucevni01,Nikola Vučević,18.2,18.532,19.1,0.568,0.568,31.0,0,31-33,Underestimated
2023,vucevni01,Nikola Vučević,19.1,17.697,17.7,0.003,0.003,32.0,0,31-33,Underestimated
2024,vucevni01,Nikola Vučević,17.7,16.599,20.3,3.701,3.701,33.0,0,31-33,Underestimated
2025,vucevni01,Nikola Vučević,20.3,17.54,17.7,0.16,0.16,34.0,0,34+,Underestimated
2024,wadede01,Dean Wade,10.2,9.79,10.1,0.31,0.31,27.0,0,25-27,Underestimated
2025,wadede01,Dean Wade,10.1,10.137,10.9,0.763,0.763,28.0,0,28-30,Underestimated
2022,wagnefr01,Franz Wagner,14.7,15.753,15.9,0.147,0.147,24.0,0,<=24,Underestimated
2023,wagnefr01,Franz Wagner,15.9,16.8,17.6,0.8,0.8,24.0,0,<=24,Underestimated
2024,wagnefr01,Franz Wagner,17.6,18.329,20.1,1.771,1.771,24.0,0,<=24,Underestimated
2025,wagnefr01,Franz Wagner,20.1,19.672,19.2,-0.472,0.472,24.0,0,<=24,Overestimated
2023,wagnemo01,Moritz Wagner,17.4,16.345,20.6,4.255,4.255,25.0,0,25-27,Underestimated
2024,wagnemo01,Moritz Wagner,20.6,18.072,22.3,4.228,4.228,26.0,0,25-27,Underestimated
2024,walkeja01,Jabari Walker,13.0,13.828,15.0,1.172,1.172,24.0,0,<=24,Underestimated
2025,walkeja02,Jarace Walker,11.9,13.4,11.5,-1.9,1.9,24.0,0,<=24,Overestimated
2022,walkelo01,Lonnie Walker IV,12.3,12.855,12.2,-0.655,0.655,24.0,0,<=24,Overestimated
2023,walkelo01,Lonnie Walker IV,12.2,12.583,13.1,0.517,0.517,24.0,0,<=24,Underestimated
2024,wallaca01,Cason Wallace,12.0,13.542,12.3,-1.242,1.242,24.0,0,<=24,Overestimated
2025,wallaca01,Cason Wallace,12.3,13.626,12.1,-1.526,1.526,24.0,0,<=24,Overestimated
2025,walteja01,Ja'Kobe Walter,10.8,12.381,11.8,-0.581,0.581,24.0,0,<=24,Overestimated
2025,wareke01,Kel'el Ware,17.4,17.899,20.0,2.101,2.101,24.0,0,<=24,Underestimated
2022,washipj01,P.J. Washington,13.6,14.555,12.9,-1.655,1.655,24.0,0,<=24,Overestimated
2023,washipj01,P.J. Washington,12.9,13.753,12.2,-1.553,1.553,24.0,0,<=24,Overestimated
2024,washipj01,P.J. Washington,12.2,13.253,14.0,0.747,0.747,25.0,1,25-27,Underestimated
2025,washipj01,P.J. Washington,14.0,14.111,13.1,-1.011,1.011,26.0,0,25-27,Overestimated
2023,watfotr01,Trendon Watford,13.6,14.183,15.7,1.517,1.517,24.0,0,<=24,Underestimated
2024,watsope01,Peyton Watson,11.8,13.646,11.4,-2.246,2.246,24.0,0,<=24,Overestimated
2025,watsope01,Peyton Watson,11.4,13.739,14.3,0.561,0.561,24.0,0,<=24,Underestimated
2025,wellsja01,Jaylen Wells,10.5,12.422,11.5,-0.922,0.922,24.0,0,<=24,Overestimated
2024,wembavi01,Victor Wembanyama,23.1,23.569,24.2,0.631,0.631,24.0,0,<=24,Underestimated
2025,wembavi01,Victor Wembanyama,24.2,24.53,29.9,5.37,5.37,24.0,0,<=24,Underestimated
2022,westbru01,Russell Westbrook,15.0,15.909,16.1,0.191,0.191,33.0,0,31-33,Underestimated
2023,westbru01,Russell Westbrook,16.1,15.217,16.2,0.983,0.983,34.0,1,34+,Underestimated
2024,westbru01,Russell Westbrook,16.2,15.655,14.3,-1.355,1.355,35.0,0,34+,Overestimated
2025,westbru01,Russell Westbrook,14.3,13.843,15.1,1.257,1.257,36.0,0,34+,Underestimated
2022,whiteco01,Coby White,12.6,14.384,12.5,-1.884,1.884,24.0,0,<=24,Overestimated
2023,whiteco01,Coby White,12.5,13.507,14.5,0.993,0.993,24.0,0,<=24,Underestimated
2024,whiteco01,Coby White,14.5,15.276,15.5,0.224,0.224,24.0,0,<=24,Underestimated
2025,whiteco01,Coby White,15.5,15.821,16.1,0.279,0.279,24.0,0,<=24,Underestimated
2022,whitede01,Derrick White,14.8,14.639,15.4,0.761,0.761,27.0,1,25-27,Underestimated
2023,whitede01,Derrick White,15.4,14.808,16.9,2.092,2.092,28.0,0,28-30,Underestimated
2024,whitede01,Derrick White,16.9,15.876,16.6,0.724,0.724,29.0,0,28-30,Underestimated
2025,whitede01,Derrick White,16.6,15.622,16.0,0.378,0.378,30.0,0,28-30,Underestimated
2022,wiggiaa01,Aaron Wiggins,10.3,11.082,12.2,1.118,1.118,24.0,0,<=24,Underestimated
2023,wiggiaa01,Aaron Wiggins,12.2,12.02,15.6,3.58,3.58,24.0,0,<=24,Underestimated
2024,wiggiaa01,Aaron Wiggins,15.6,14.233,16.1,1.867,1.867,25.0,0,25-27,Underestimated
2025,wiggiaa01,Aaron Wiggins,16.1,15.458,11.7,-3.758,3.758,26.0,0,25-27,Overestimated
2022,wiggian01,Andrew Wiggins,15.0,14.776,14.7,-0.076,0.076,26.0,0,25-27,Overestimated
2023,wiggian01,Andrew Wiggins,14.7,14.434,12.7,-1.734,1.734,27.0,0,25-27,Overestimated
2024,wiggian01,Andrew Wiggins,12.7,13.221,16.4,3.179,3.179,28.0,0,28-30,Underestimated
2025,wiggian01,Andrew Wiggins,16.4,14.254,15.1,0.846,0.846,29.0,1,28-30,Underestimated
2025,willico04,Cody Williams,3.7,6.778,9.6,2.822,2.822,24.0,0,<=24,Underestimated
2022,willigr01,Grant Williams,11.2,10.985,10.3,-0.685,0.685,24.0,0,<=24,Overestimated
2023,willigr01,Grant Williams,10.3,11.623,10.6,-1.023,1.023,24.0,0,<=24,Overestimated
2023,willija06,Jalen Williams,15.6,16.757,19.1,2.343,2.343,24.0,0,<=24,Underestimated
2024,willija06,Jalen Williams,19.1,19.35,20.3,0.95,0.95,24.0,0,<=24,Underestimated
2025,willija06,Jalen Williams,20.3,20.883,19.0,-1.883,1.883,24.0,0,<=24,Overestimated
2022,willike04,Kenrich Williams,13.3,12.241,14.4,2.159,2.159,27.0,0,25-27,Underestimated
2023,willike04,Kenrich Williams,14.4,13.195,11.9,-1.295,1.295,28.0,0,28-30,Overestimated
2024,willike04,Kenrich Williams,11.9,11.812,13.7,1.888,1.888,29.0,0,28-30,Underestimated
2025,willike04,Kenrich Williams,13.7,12.778,14.2,1.422,1.422,30.0,0,28-30,Underestimated
2025,willima07,Mark Williams,23.9,22.194,21.8,-0.394,0.394,24.0,0,<=24,Overestimated
2023,willipa01,Patrick Williams,11.2,13.241,11.0,-2.241,2.241,24.0,0,<=24,Overestimated
2024,willipa01,Patrick Williams,11.0,13.03,9.0,-4.03,4.03,24.0,0,<=24,Overestimated
2025,willipa01,Patrick Williams,9.0,11.774,8.2,-3.574,3.574,24.0,0,<=24,Overestimated
2022,williro04,Robert Williams,22.1,21.202,19.8,-1.402,1.402,24.0,0,<=24,Overestimated
2024,willizi01,Zion Williamson,22.8,23.976,27.3,3.324,3.324,24.0,0,<=24,Underestimated
2022,willizi02,Ziaire Williams,9.7,11.708,7.4,-4.308,4.308,24.0,0,<=24,Overestimated
2024,willizi02,Ziaire Williams,9.3,11.171,11.9,0.729,0.729,24.0,0,<=24,Underestimated
2025,willizi02,Ziaire Williams,11.9,12.248,12.4,0.152,0.152,24.0,0,<=24,Underestimated
2025,wilsoja03,Jalen Wilson,9.5,10.176,8.7,-1.476,1.476,24.0,0,<=24,Overestimated
2022,woodch01,Christian Wood,19.1,18.546,20.6,2.054,2.054,26.0,0,25-27,Underestimated
2023,woodch01,Christian Wood,20.6,19.314,12.3,-7.014,7.014,27.0,0,25-27,Overestimated
2022,wrighde01,Delon Wright,13.8,13.103,16.3,3.197,3.197,29.0,0,28-30,Underestimated
2023,wrighde01,Delon Wright,16.3,14.361,13.6,-0.761,0.761,30.0,0,28-30,Overestimated
2025,yabusgu01,Guerschon Yabusele,14.7,13.306,11.1,-2.206,2.206,29.0,0,28-30,Overestimated
2022,youngtr01,Trae Young,25.4,24.937,22.0,-2.937,2.937,24.0,0,<=24,Overestimated
2023,youngtr01,Trae Young,22.0,23.029,20.3,-2.729,2.729,24.0,0,<=24,Overestimated
2024,youngtr01,Trae Young,20.3,21.23,18.3,-2.93,2.93,25.0,0,25-27,Overestimated
2022,zubaciv01,Ivica Zubac,19.2,19.069,16.7,-2.369,2.369,24.0,0,<=24,Overestimated
2023,zubaciv01,Ivica Zubac,16.7,17.935,19.3,1.365,1.365,25.0,0,25-27,Underestimated
2024,zubaciv01,Ivica Zubac,19.3,18.412,22.3,3.888,3.888,26.0,0,25-27,Underestimated
2025,zubaciv01,Ivica Zubac,22.3,20.778,18.6,-2.178,2.178,27.0,0,25-27,Overestimated
